Taxon,6.2100m,3.1950m,5.2050m,2.1900m,11.2180m,19.2260m,21.2300m,18.2250m,22.2350m,24.2390m,292D,255E,292E,224B,224G,378A,349B,349A,10.2170m,4.2000m,360C,349C,349I,360D,378M,CBM.D,CBM.GS,CBM.GD,GSB.S,GSB.GS,8.2150m,15.2220m,16.2230m,14.2210m,CHO.S,360H,224C,224D,255B,CHO.D,Neg.O,13.2200m,292B,CHO.GD,292H,255H,7.2125m,224L,20.2275m,349E,292A,CHO.GS,360B,360A,292G,12.2190m,255G,224A,349K,CBM.S,360G
Unassigned;Other;Other;Other;Other;Other,0.012594346,0.014721685,0.009959432,0.009253831,0.008001231,0.458385034,0.46320598,0.40180352,0.491901344,0.482756252,0.013933934,0.00733945,0.023654439,0.023565939,0.032766226,0.007462687,0.012125678,0.01495547,0.009102647,0.005822862,0.02660368,0.02000721,0.000492715,0.043184885,0.00733945,0.028117155,0.027032031,0.021126761,0.047645277,0.0378198,0.037131769,0.087514172,0.100522979,0.084730738,0.022922636,0.007613849,0.05565032,0.014492754,0.017735579,0.036426117,0,0.021999197,0.01849831,0.032703117,0.018564977,0,0.01557377,0.091176471,0.470564837,0,0.032630522,0.068421053,0.024117647,0.022430532,0.326829268,0.016601563,0,0.018782015,0.041204437,0,0
k__Archaea;p__Crenarchaeota;c__Thaumarchaeota;o__Cenarchaeales;f__Cenarchaeaceae;g__Nitrosopumilus,0,0,0,0,0,0,0,0,0,0,0,0,0.001371272,0.00030539,0.00084016,0,0,8.40E-05,0,0,0.000248633,0.000720981,0,0.000134953,0.000917431,0,0,0,0,0,0,0,0,0,0,0,0.001279318,0,0.000358295,0,0,0,0,0,0,0,0,0,0,0,0,0,0,0,0,0,0,0,0,0,0
k__Bacteria;p__Acidobacteria;c__Acidobacteria-5;o__;f__;g__,0.000133982,0,0,0.000460598,0,0,0,0,0,0,0,0,0,0,0,0,0,0,0,0,0,0,0,0,0,0,0,0,0,0,0,0,0,7.39E-05,0,0,0,0,0,0,0,0.000963468,0,0,0,0,0,0,0,0,0,0,0,0,0,0,0,0,0,0,0
k__Bacteria;p__Acidobacteria;c__Acidobacteria-6;o__iii1-15;f__;g__,0.001950188,0.003438642,0.001622718,0.002889205,0.001384828,0,8.31E-05,8.67E-05,0,0,0,0,0,0,0,0,0,0,0.002001291,0.001838799,0,0,0,0,0,0,0,0,0,0,0.001234786,0,0,0,0,0,0,0,0,0,0,0,0,0,0,0,0.001912568,0,0,0,0,0,0,0,0,0,0,0,0,0,0
k__Bacteria;p__Acidobacteria;c__BPC102;o__B110;f__;g__,0.001384485,0.002793896,0.00148073,0.002386735,0.000923219,0,8.31E-05,0,0,0,0.00012012,0.011009174,0.007199177,0,0,0,0,0,0.001872176,0.001532332,0,0,0,0.000539811,0.001834862,0,0,0,0,0,0.000793791,0,0,0,0,0,0,0,0,0,0,0,0,0,0,0,0,0.001470588,0,0,0,0,0,0,0,0,0,0,0,0,0
k__Bacteria;p__Acidobacteria;c__PAUC37f;o__;f__;g__,0.000297739,0,0.00030426,8.37E-05,0,0,0,0,0,0,0,0,0,0,0,0,0,0,0,0,0,0,0,0,0,0,0,0,0,0,0,0,0,0,0,0,0,0,0,0,0,0,0,0,0,0,0,0,0,0,0,0,0,0,0,0,0,0,0,0,0
k__Bacteria;p__Acidobacteria;c__Sva0725;o__Sva0725;f__;g__,0.000640138,0,0.001034483,0.001423666,0.00015387,0,0,4.34E-05,0,0,0,0,0,0,0,0,0,0,0.000710136,0,0,0,0,0,0,0,0,0,0,0,0,0,0,0,0,0,0,0,0,0,0,0,0,0,0,0,0.001639344,0,0.000397772,0,0,0,0,0,0,0,0,0,0,0,0
k__Bacteria;p__Actinobacteria;c__Acidimicrobiia;o__Acidimicrobiales;f__;g__,0,0,0,0,0,0,0,0,0,0,0,0,0,0,0,0,0,0,0,0,0,0,0,0,0,0.000251046,0,0,0.001032773,0.000556174,0,0,0,0,0.00286533,0,0,0,0,0.002749141,0,0,0,0.001021972,0,0,0,0,0,0,0,0,0,0,0,0,0,0,0,0,0
k__Bacteria;p__Actinobacteria;c__Acidimicrobiia;o__Acidimicrobiales;f__C111;g__,0,0,0,0,0,0,0,0,0,0,0,0,0,0,0.00010502,0.000829187,0.000133985,0,0,0,0,0,0,0,0,0.002259414,0.002777263,0.001341382,0.002065547,0.000556174,0,0,0,0,0,0,0,0,8.96E-05,0.000343643,0,0,7.98E-05,0,0,0,0,0,0,0,0.000251004,0,0,0.000167392,0,0,0,0,0,0,0
k__Bacteria;p__Actinobacteria;c__Acidimicrobiia;o__Acidimicrobiales;f__OCS155;g__,0,0,0.000182556,0.001926137,0.000461609,0,0,0,0,0,0,0,0,0.004071868,0,0,0.001875796,0.001428331,0.00058102,0,0,0,0,0,0,0.018075314,0.045547121,0.007377599,0.071743321,0.022617723,0.002204974,0,0,0,0.06017192,0,0,0,0.005508778,0.037457045,0,0,0.00021293,0.024527338,0,0,0,0,0,0,0,0.023684211,0.001176471,0.00083696,0,0.002929688,0,0.000569152,0,0,0
k__Bacteria;p__Actinobacteria;c__Acidimicrobiia;o__Acidimicrobiales;f__SC3-41;g__,0,0,0,0,0,0,0,0,0,0,0,0,0,0.000661679,0.003360639,0.002487562,0.000267971,0.000168039,0,0,0,0,0,0,0,0.000502092,0,0.000335345,0,0,0,0,0,0,0,0,0,0,0.002508062,0,0,0,0.00021293,0,0,0,0,0,0,0,0,0,0.000784314,0.000669568,0,0,0,0,0,0,0
k__Bacteria;p__Actinobacteria;c__Acidimicrobiia;o__Acidimicrobiales;f__TK06;g__,0.000565703,0.000537288,0.000365112,0.000376853,0.000923219,0,0,4.34E-05,0,0,0,0,0,0,0,0,0,0,0.001097482,0.000306466,0,0,0,0,0,0,0,0,0,0,0.000705592,0,0,0,0,0,0,0,0,0,0,0,0,0,0,0,0,0,0,0,0,0,0,0,0,0,0,0,0,0,0
k__Bacteria;p__Actinobacteria;c__Acidimicrobiia;o__Acidimicrobiales;f__ZA3409c;g__,0.007175502,0.008811519,0.008032454,0.011808056,0.01754116,0.001240813,0.000166113,0.0005636,0.001012332,0.0001374,0.000960961,0,0.000342818,0,0,0,0,0,0.016914138,0.002758198,0.00099453,0.005227109,0,0.000404858,0.000917431,0,0,0,0,0,0.005909331,0.001558957,0.000138844,0.007608776,0,0,0.006183369,0.001976285,0,0,0,0.13978322,0,0,0.001170764,0,0.009289617,0.001470588,0,0,0,0,0,0,0,0.115234375,0,0,0,0,0
k__Bacteria;p__Actinobacteria;c__Acidimicrobiia;o__Acidimicrobiales;f__koll13;g__,0,0,0,0,0,0,0,0,0,0,0,0.033027523,0.053479602,0,0,0,0,0,0,0,0,0,0,0,0,0.000167364,0,0,0,0,0,0,0,0,0,0,0,0,0,0,0,0,0,0,0,0,0,0,0,0.028169014,0,0,0,0,0,0,0,0,0,0,0
k__Bacteria;p__Actinobacteria;c__Acidimicrobiia;o__Acidimicrobiales;f__wb1_P06;g__,0,0,0,0,0,0,0,0,0,0,0,0,0,5.09E-05,0.00021004,0,0,0,0,0,0,0,0,0,0,0.000920502,0.000925754,0.001006036,0.00220325,0.000370782,0,0,0,0,0,0,0,0,8.96E-05,0.001718213,0,0,0,0.000510986,0,0,0,0,0,0,0,0,0,0,0,0,0,0,0,0,0
k__Bacteria;p__Actinobacteria;c__Actinobacteria;o__Actinomycetales;f__;g__,0,0,0,0,0,0,0,0,0,0,0,0,0,0,0,0,0.000602934,8.40E-05,0,0,0,0,0,0,0,0,0,0,0,0,0,0,0,0,0,0,0,0,0.000313508,0,0,0,0.00093157,0,0,0,0,0,0,0,0.001129518,0,0,0.000502176,0,0,0,0.000569152,0,0,0
k__Bacteria;p__Actinobacteria;c__Actinobacteria;o__Actinomycetales;f__Corynebacteriaceae;g__Corynebacterium,0,0.000322373,8.11E-05,0.000251235,0,0.000238618,0,0.000130062,9.20E-05,0,0,0,0,0,0,0,0,0,0.000322789,0,0,0,0,0,0,0,0,0,0,0,0.000970189,0,0,0,0,0,0,0,0,0,0,0,0,0,0,0,0,0,0,0,0,0,0,0,0,0,0,0,0,0,0
k__Bacteria;p__Actinobacteria;c__Actinobacteria;o__Actinomycetales;f__Dietziaceae;g__Dietzia,0.003602638,0,8.11E-05,0,0,0,0,0,0,0,0,0,0,0,0,0,0,0,0,0.000306466,0,0,0,0,0,0,0,0,0,0,0,0,0,0,0,0,0,0,0,0,0,0,0,0,0,0,0,0,0,0,0,0,0,0,0,0,0,0,0,0,0
k__Bacteria;p__Actinobacteria;c__Actinobacteria;o__Actinomycetales;f__Microbacteriaceae;g__,0,0,0,0,0,0,0,0,0,0,0,0,0,0.000101797,0.00031506,0,0.000870905,0.000588136,0,0,0,0,0,0,0,0.001171548,0.000740604,0.001006036,0.001927844,0.000556174,0,0,0,0,0,0,0,0,0.000268721,0.000343643,0,0,0.000851721,0.000510986,0,0,0,0,0,0,0.001568775,0,0.000392157,0.000669568,0,0,0,0,0,0,0
k__Bacteria;p__Actinobacteria;c__Actinobacteria;o__Actinomycetales;f__Microbacteriaceae;g__CandidatusAquiluna,0,0,0,0,0,0,0,0,0,0,0,0,0,0.000254492,0,0.000829187,0.003617606,0.002184507,0,0,0,0,0.001266981,0,0,0.000251046,0,0,0.000481961,0,0,0,0,0,0,0,0,0,0.002328914,0,0,0,0.003034255,0,0,0,0,0,0,0,0.004831827,0,0.003529412,0.003347841,0,0,0,0.002276608,0,0,0
k__Bacteria;p__Actinobacteria;c__Actinobacteria;o__Actinomycetales;f__Mycobacteriaceae;g__Mycobacterium,0.000684799,0,0,0,0,0,0,0,0,6.87E-05,0,0,0,0,0,0,0,0,0,0,0,0,0,0,0,0,0,0,0,0,0,0,0,0,0,0,0,0,0,0,0,0,0,0,0,0,0.000273224,0,0,0,0,0,0,0,0,0,0,0,0,0,0
k__Bacteria;p__Actinobacteria;c__Actinobacteria;o__Actinomycetales;f__Propionibacteriaceae;g__Propionibacterium,0.000357286,0.005372878,0.003103448,0.002051754,0.000923219,0.00066813,0.001910299,0.001213908,0,0.002541907,0,0,0,0,0,0,0,0,0.000129116,0.011032792,0,0,0,0,0,0,0,0,0,0,0.001587582,7.09E-05,4.63E-05,7.39E-05,0,0,0,0,0,0,0.219512195,0.000722601,0,0,0,0,0.008196721,0,0,0,0,0,0,0,0,0.00390625,0,0,0,0,0
k__Bacteria;p__Actinobacteria;c__Actinobacteria;o__WCHB1-81;f__At425_EubF1;g__,0,0,0,0,0,0.000572683,0,0.000433539,0.00018406,0.000206101,0,0,0,0,0,0,0,0,0,0,0,0,0,0,0,0,0,0,0,0,0.000352796,0.00042517,0.001157032,0.000590973,0,0,0,0,0,0,0,0,0,0,0,0,0,0,0,0,0,0,0,0,0,0,0,0,0,0,0
k__Bacteria;p__AncK6;c__;o__;f__;g__,0.000357286,0.000107458,0.000182556,0.000209363,0.00015387,0,0,0,0,0,0,0,0,0,0,0,0,0,0.00058102,0,0,0,0,0,0,0,0,0,0,0,0.000264597,0,0,0,0,0,0,0,0,0,0,0,0,0,0,0,0,0,0,0,0,0,0,0,0,0,0,0,0,0,0
k__Bacteria;p__Bacteroidetes;c__;o__;f__;g__,0,0,0,0,0,9.54E-05,0.00166113,0.000260123,0.003221057,0.001305304,0,0,0,0,0,0,0,0,0,0,0,0,0,0,0,0,0,0,0,0,0,0,0,0,0,0,0,0,0,0,0,0,0,0,0,0,0,0,0.001988862,0,0,0,0,0,0,0,0,0,0,0,0
k__Bacteria;p__Bacteroidetes;c__BME43;o__;f__;g__,0,0,0,0,0,0,0,0,0,0,0,0,0,0,0,0,0,0,0,0,0,0,0,0,0,0.001171548,0.003147565,0.001676727,0.000206555,0,0,0,0,0,0,0,0,0,0,0,0,0,0,0,0,0,0,0,0,0,0,0,0,0,0,0,0,0,0,0,0
k__Bacteria;p__Bacteroidetes;c__Bacteroidia;o__Bacteroidales;f__;g__,0,0,0,0,0,0.003292927,0.00141196,0.008454002,0.001012332,0.001786205,0,0,0,0,0,0,0,0,0.000516462,0,0,0,0,0,0,0,0,0,0,0,0.00343976,0.011054422,0.011894294,0.004653912,0,0,0,0,0,0,0,0.00080289,0,0,0,0,0,0,0.003579952,0,0,0,0,0,0,0,0,0,0,0,0
k__Bacteria;p__Bacteroidetes;c__Bacteroidia;o__Bacteroidales;f__VC21_Bac22;g__,0,0,0,0,0,0.000334065,8.31E-05,0.000390185,0,0,0,0,0,0,0,0,0,0,0,0,0,0,0,0,0,0,0,0,0,0,0.01208326,0.036352041,0.027305966,0.034350299,0,0,0,0,0,0,0,0.004737053,0,0,0,0,0,0,0.000397772,0,0,0,0,0,0,0,0,0,0,0,0
k__Bacteria;p__Bacteroidetes;c__Cytophagia;o__Cytophagales;f__Flammeovirgaceae;g__,0.001890641,0.004083387,0.00464503,0.002721715,0.004154485,0,0,4.34E-05,9.20E-05,0,0.000600601,0.00733945,0.008913267,0.000407187,0,0,0.000133985,0,0.003227889,0.004596997,0.00099453,0.00036049,0,0.00148448,0.000917431,0,0,0,0.000137703,0.001483129,0.000970189,0,0,0,0.00286533,0,0,0.000658762,0.002015407,0.000343643,0,0,0.003885976,0,0,0,0.00273224,0.027941176,0,0.028169014,0.002133534,0.010526316,0.000980392,0.002343488,0,0.002929688,0,0.000569152,0,0,0
k__Bacteria;p__Bacteroidetes;c__Cytophagia;o__Cytophagales;f__Flammeovirgaceae;g__JTB248,0,0,0,0,0,0,0,0,0,0,0,0,0,0,0,0,0,0,0,0,0.005718548,0.005948089,0,0,0,0,0,0,0,0,0,0,0,0,0,0,0.002132196,0,0,0,0,0,0,0,0,0,0,0,0,0,0,0,0,0,0,0,0,0,0,0,0
k__Bacteria;p__Bacteroidetes;c__Flavobacteriia;o__Flavobacteriales;f__;g__,0.006907537,0.01450677,0.004888438,0.005485303,0.002923527,0,0,0,0,0,0.00048048,0.009174312,0.004113816,0.000763475,0,0.001658375,0.002277752,0.00327676,0.003421562,0.002145265,0.003232223,0.005587599,0,0.003103914,0,0.005523013,0.006480281,0.010395708,0.001377031,0.002410085,0.004498148,0.000212585,0,0.001181946,0.00286533,0,0.001279318,0,0.000806163,0.009621993,0,0.004737053,0.025445157,0.001532959,0,0,0.006557377,0,0,0,0.010416667,0.013157895,0.010196078,0.006695681,0.004878049,0.001953125,0,0.003414912,0,0,0
k__Bacteria;p__Bacteroidetes;c__Flavobacteriia;o__Flavobacteriales;f__Cryomorphaceae;g__,0.000178643,0.00042983,8.11E-05,0.000628088,0.000461609,0,0,8.67E-05,0,0,0.000600601,0,0,0.008194635,0.02383953,0.03814262,0.01366651,0.014115275,6.46E-05,0,0.000745898,0.00036049,0.000422327,0.002699055,0.000917431,0.022845188,0.029809295,0.021797451,0.023271826,0.027252503,0,0,0,0,0.011461318,0.000287315,0,0,0.011689359,0.029896907,0,0,0.009022917,0.01890649,0.000669008,0,0.000273224,0,0,0,0.001004016,0.107894737,0.009803922,0.013056579,0.004878049,0,0.012687428,0.017643711,0,0,0
k__Bacteria;p__Bacteroidetes;c__Flavobacteriia;o__Flavobacteriales;f__Cryomorphaceae;g__Crocinitomix,5.95E-05,0,0.000162272,0,0,0,0,0,0,0,0,0,0.003085362,0,0,0,0,0,0.000774693,0,0.000497265,0.000540735,7.04E-05,0.001214575,0,0.002761506,0.002777263,0.001341382,0.000757367,0,0.000793791,0,0,0,0,0,0.001918977,0,0,0,0,0,0,0,0,0,0,0,0,0,0,0,0,0,0,0,0,0,0,0,0
k__Bacteria;p__Bacteroidetes;c__Flavobacteriia;o__Flavobacteriales;f__Cryomorphaceae;g__Fluviicola,0.002605213,0.005587793,0.004117647,0.004145381,0.001230959,0.000381789,0,0,0.00018406,0,0,0,0,0,0,0,0,0,0.003292447,0.001225866,0,0,0,0,0,0.005020921,0.000185151,0.001006036,0.011153952,0.001853912,0.00176398,7.09E-05,0,0,0,0,0,0,8.96E-05,0.004810997,0,0.000481734,0.000133081,0.004598876,0,0,0.008196721,0,0,0,0,0,0,0,0,0.002929688,0,0,0,0,0
k__Bacteria;p__Bacteroidetes;c__Flavobacteriia;o__Flavobacteriales;f__Cryomorphaceae;g__Owenweeksia,0,0,0,0,0,0,0,0,0,0,0,0,0,0,0,0,0.000334963,0.000252058,0,0,0,0,0.002815513,0,0,0,0,0,0,0,0,0,0,0,0,0,0,0.000658762,0,0,0,0,0,0,0,0,0,0,0,0,0,0,0,0,0,0,0,0,0,0,0
k__Bacteria;p__Bacteroidetes;c__Flavobacteriia;o__Flavobacteriales;f__Flavobacteriaceae;Other,0.000282852,0,0.000243408,0,0,0,0.000332226,0.000390185,0,0.000549602,0,0,0,0,0,0,0,0,6.46E-05,0.000612933,0,0,0,0,0,0.079330544,0.083688206,0.152246814,0.037110989,0.016129032,0,0,0,0,0.00286533,0,0,0,0,0.010996564,0,0,0,0.083290751,0,0,0,0,0,0,0,0,0,0,0,0,0,0,0,0,0
k__Bacteria;p__Bacteroidetes;c__Flavobacteriia;o__Flavobacteriales;f__Flavobacteriaceae;g__,0.0029625,0.001934236,0.003651116,0.001214304,0.005693184,0,0.000249169,0,0,0,0.005285285,0.047706422,0.081590675,0.086527205,0.118777568,0.252902156,0.154552154,0.165182322,0.003808909,0.002758198,0.008453506,0.010634463,0.024706131,0.004588394,0.020183486,0.221004184,0.101832994,0.217303823,0.205384192,0.05839822,0.002910566,0,0,0.000147743,0.054441261,0.001005603,0.008528785,0.017786561,0.218694016,0.094158076,0,0.000160578,0.321897208,0.042411855,0.000167252,0,0.006557377,0.001470588,0.000397772,0,0.352723394,0.021052632,0.18372549,0.285236023,0.146341463,0.000976563,0.30911188,0.245873648,0.003169572,1,0
k__Bacteria;p__Bacteroidetes;c__Flavobacteriia;o__Flavobacteriales;f__Flavobacteriaceae;g__Flavobacterium,0,0,0,0,0,0,0,0,0,0,0.00012012,0,0.002742544,0.009212602,0,0.015754561,0.060360421,0.061166191,0,0.037082439,0.000745898,0.00036049,0.006334905,0,0.001834862,0.030878661,0.011664507,0.006036217,0.021343982,0.006117909,0,0,0,0,0.00286533,0.000718288,0,0,0.01321211,0.006872852,0,0,0.020467914,0.013796627,0,0,0,0,0,0,0.024410141,0.007894737,0.05,0.062102444,0,0,0,0.006260672,0.004754358,0,0
k__Bacteria;p__Bacteroidetes;c__Flavobacteriia;o__Flavobacteriales;f__Flavobacteriaceae;g__Gramella,0.00131005,0,0.000608519,0,0,0,8.31E-05,0.001517385,0,0,0,0,0,0,0,0,0,0,0.000903809,0.000919399,0,0,0,0,0,0,0,0,0,0,0,0,0,0,0,0,0,0,0,0,0,0,0,0,0,0,0,0,0,0,0,0,0,0,0,0,0,0,0,0,0
k__Bacteria;p__Bacteroidetes;c__Flavobacteriia;o__Flavobacteriales;f__Flavobacteriaceae;g__Leeuwenhoekiella,0.001369598,0,0.00030426,0,0,9.54E-05,0,0.001517385,0,0,0,0,0,0,0,0,0,0,0.000451904,0.000612933,0,0,0,0,0,0,0,0,0,0,0.000352796,0,4.63E-05,0,0,0,0,0,0,0,0,0.000160578,0,0,0,0,0.000546448,0,0.000397772,0,0,0,0,0,0,0.001953125,0,0,0,0,0
k__Bacteria;p__Bacteroidetes;c__Flavobacteriia;o__Flavobacteriales;f__Flavobacteriaceae;g__Maribacter,0,0,0,0,0,0,0,0,0,0,0,0,0.000685636,0,0,0,0.000200978,0,0,0,0.012928891,0,0.010487788,0.002294197,0,0,0,0,0,0,0,0,0,0,0,0,0,0.003952569,0,0,0,0,0,0,0,0,0,0,0,0,0,0,0.000588235,0.002176096,0,0,0,0,0.057052298,0,0
k__Bacteria;p__Bacteroidetes;c__Flavobacteriia;o__Flavobacteriales;f__Flavobacteriaceae;g__Mesonia,0,0,0.00127789,0.000376853,0,0,0.000166113,0.000693662,0,0,0,0,0,0,0,0,0,0,0,0,0,0,0,0,0,0,0,0,0,0,0.000176398,7.09E-05,0.000138844,0,0,0,0,0,0,0,0,0,0,0,0,0,0.000273224,0,0,0,0,0,0,0,0,0,0,0,0,0,0
k__Bacteria;p__Bacteroidetes;c__Flavobacteriia;o__Flavobacteriales;f__Flavobacteriaceae;g__Olleya,0,0,0,0,0,0,0,0,0,0,0.00012012,0,0.003770998,0,0.0005251,0,0,0,0,0,0.000745898,0,0.000422327,0.003778677,0.000917431,0.000334728,0,0,0.000275406,0,0,0,0,0,0,0.030599052,0.000426439,0,0,0,0,0,0.000638791,0,0,0,0,0,0,0,0,0,0,0.000669568,0,0,0.021914648,0,0,0,0
k__Bacteria;p__Bacteroidetes;c__Flavobacteriia;o__Flavobacteriales;f__Flavobacteriaceae;g__Polaribacter,0,0,0,0,0,0,0,0.000130062,0,0,0.02042042,0.001834862,0,0.079808622,0.070783449,0.115257048,0.125343338,0.095110066,0,0,0.027100945,0.022170151,0.528894207,0.007287449,0.004587156,0.002594142,0.002592113,0.000670691,6.89E-05,0,0,0,0,0,0,0.00344778,0.00575693,0.0085639,0.069285202,0.000687285,0,0,0.24939448,0.008175779,0.001839773,0,0,0.001470588,0,0,0.190825803,0,0.055882353,0.082859056,0.043902439,0,0.039215686,0.09561753,0.190174326,0,0
k__Bacteria;p__Bacteroidetes;c__Flavobacteriia;o__Flavobacteriales;f__Flavobacteriaceae;g__Salegentibacter,0.002664761,0,0.000121704,0,0,0.000238618,8.31E-05,0.001994277,0,0,0,0,0,0,0,0,0,0,0.000387347,0.001225866,0,0,0,0,0,0,0,0,0,0,0,0,0,0.000147743,0,0,0,0,0,0,0,8.03E-05,0,0,0,0,0,0,0,0,0,0,0,0,0,0,0,0,0,0,0
k__Bacteria;p__Bacteroidetes;c__Flavobacteriia;o__Flavobacteriales;f__Flavobacteriaceae;g__Sediminicola,0,0,0,0,0,0,0,0,0,0,0,0,0,0,0,0,0,0,0,0,0,0,0.000633491,0,0,0,0.000740604,0,0.002065547,0,0,0,0,0,0,0,0,0,0,0,0,0,5.32E-05,0,0,0,0,0,0,0,0.000439257,0,0,0,0,0,0,0,0,0,0
k__Bacteria;p__Bacteroidetes;c__Flavobacteriia;o__Flavobacteriales;f__Flavobacteriaceae;g__Ulvibacter,0,0,0,0,0,0,0,0,0,0,0,0,0,0,0,0,0,0.000252058,0,0,0.004226753,0.001261716,0.014147955,0.003238866,0.000917431,0.000167364,0,0,0,0,0,0,0,0,0,0.00057463,0,0,0.001254031,0,0,0,0.00093157,0,0.00167252,0,0,0,0,0,0.001066767,0,0.000196078,0,0,0,0,0,0.023771791,0,0
k__Bacteria;p__Bacteroidetes;c__Flavobacteriia;o__Flavobacteriales;f__NS9;g__,0.00058059,0.007092199,0.001561866,0.003266058,0.000615479,0.000334065,0,0.000390185,0,0,0,0,0,0.001577849,0.003990758,0.001658375,0.000937898,0.001260292,0.000451904,0.003371131,0.000745898,0.001081471,0,0.000404858,0,8.37E-05,0,0,6.89E-05,0,0,7.09E-05,0,0,0,0,0.003411514,0,0.001657112,0.003092784,0,0,0.000532325,0,0,0,0,0,0,0,0,0,0.001960784,0.004854369,0,0.000976563,0,0,0,0,0
k__Bacteria;p__Bacteroidetes;c__Sphingobacteriia;o__Sphingobacteriales;f__;g__,0,0,0,0,0,0,0,0,0,0,0,0,0,0,0,0,0,0,0,0,0,0,0,0,0,0.004351464,0.001851509,0.001341382,0.002754062,0.000556174,0,0.000921202,0.000138844,0.003250351,0,0,0,0,0,0,0,0.000160578,0,0,0,0,0,0,0,0,0,0,0,0,0,0,0,0,0,0,0
k__Bacteria;p__Bacteroidetes;c__Sphingobacteriia;o__Sphingobacteriales;f__NS11-12;g__,0,0,0,0,0,0,0,0,0,0,0,0,0,5.09E-05,0,0,0,0,0,0,0,0,0.000211164,0,0,0.010376569,0.004443622,0.014419852,0.008193335,0.004820171,0,0,0,0,0,0,0,0,0.000761376,0.002405498,0,0,0.001836523,0,0,0,0,0,0,0,0.000941265,0,0,0.000334784,0,0,0,0,0,0,0
k__Bacteria;p__Bacteroidetes;c__[Rhodothermi];o__[Rhodothermales];f__Rhodothermaceae;g__,0,0,0,0,0,0,0,0,0,0,0,0,0.000342818,0,0,0,0,0,0,0,0,0,0,0,0,0.000502092,0.000740604,0.001006036,0.000963922,0.001112347,0,0,0,0,0,0,0,0,0,0,0,0,0,0,0,0,0,0,0,0,0,0,0,0,0,0,0,0,0,0,0
k__Bacteria;p__Bacteroidetes;c__[Saprospirae];o__[Saprospirales];f__;g__,0,0,0,0,0,0,0,0,0,0,0,0,0,0,0,0,0,8.40E-05,0,0,0,0.000540735,0.000140776,0,0,0.00376569,0.00203666,0,0.001032773,0.000556174,0,0,0,0,0,0,0,0,0.000761376,0,0,0,0.000319395,0,0,0,0,0,0,0,0,0,0,0.001841312,0,0,0.001153403,0,0,0,0
k__Bacteria;p__Bacteroidetes;c__[Saprospirae];o__[Saprospirales];f__Saprospiraceae;g__,0,0,0,0,0,0,0,0,0,0,0,0,0.002056908,0,0.00010502,0,6.70E-05,0,0,0,0.00099453,0.000180245,0.00098543,0,0,0.045188285,0.045917423,0.05767941,0.027058662,0.013162773,0,0,0,0,0,0,0.004051173,0,0,0.008591065,0,0,0,0.0148186,0,0,0,0,0,0,0,0.005263158,0,0,0,0,0,0.000569152,0,0,0
k__Bacteria;p__Bacteroidetes;c__[Saprospirae];o__[Saprospirales];f__Saprospiraceae;g__Lewinella,0,0,0,0,0,0,0,0,0,0,0.00012012,0,0.00171409,0,0,0,6.70E-05,0,0,0,0.001491795,0,0.003026677,0.000269906,0,0,0,0,0,0,0,0,0,0,0,0,0,0,0,0,0,0,0,0,0,0,0,0,0,0,0,0,0,0,0,0,0,0,0.011093502,0,0
k__Bacteria;p__Bacteroidetes;c__[Saprospirae];o__[Saprospirales];f__Saprospiraceae;g__Saprospira,0,0,0,0,0,0,0,0,0,0,0,0,0,0,0,0,0,0,0,0,0,0,0,0,0,0.004518828,0.001110905,0.002012072,0.00089507,0,0,0,0,0,0,0,0,0,0,0.001030928,0,0,0,0,0,0,0,0,0,0,0,0,0,0,0,0,0,0,0,0,0
k__Bacteria;p__Chloroflexi;c__Anaerolineae;o__GCA004;f__;g__,0,0,0,0,0,0.000477236,0,0,0,0,0,0,0,0,0,0,0,0,0,0,0,0,0,0,0,0,0,0,0,0,0.003616158,0.004889456,0.008284352,0.004432297,0,0,0,0,0,0,0,0.000240867,0,0,0,0,0,0,0,0,0,0,0,0,0,0,0,0,0,0,0
k__Bacteria;p__Chloroflexi;c__Anaerolineae;o__H39;f__;g__,0.000640138,0.000107458,0.000365112,0.001214304,0,0,0,0,0,0,0,0,0,0,0,0,0,0,0.000258231,0,0,0,0,0,0,0,0,0,0,0,0,7.09E-05,0,0,0,0,0,0,0,0,0,0,0,0,0,0,0.00273224,0,0,0,0,0,0,0,0,0,0,0,0,0,0
k__Bacteria;p__Chloroflexi;c__Anaerolineae;o__SBR1031;f__A4b;g__,0,0,0,0,0,0,0,0,0,0,0,0,0,0,0,0,0,0,0,0.019000919,0,0,0,0,0,0,0,0,0,0,0.000352796,0.001417234,0.001295876,0.001994534,0,0,0,0,0,0,0,0.000240867,0,0,0,0,0,0,0,0,0,0,0,0,0,0,0,0,0,0,0
k__Bacteria;p__Chloroflexi;c__Anaerolineae;o__envOPS12;f__;g__,0,0,0,0,0,0.000143171,0,0,0,0,0,0,0,0,0,0,0,0,0,0,0,0,0,0,0,0,0,0,0,0,0.00088199,0.002763605,0.00286944,0.001772919,0,0,0,0,0,0,0,0,0,0,0,0,0,0,0,0,0,0,0,0,0,0,0,0,0,0,0
k__Bacteria;p__Chloroflexi;c__Dehalococcoidetes;o__;f__;g__,0,0,0,0,0,0.000763577,0.001827243,0.000606954,0.002116694,0.000893103,0,0,0,0,0,0,0,0,0,0,0,0,0,0,0,0,0,0,0,0,0.000440995,0.00085034,0.000971907,7.39E-05,0,0,0,0,0,0,0,8.03E-05,0,0,0,0,0,0,0.00159109,0,0,0,0,0,0,0,0,0,0,0,0
k__Bacteria;p__Chloroflexi;c__Dehalococcoidetes;o__Dehalococcoidales;f__Dehalococcoidaceae;g__,0,0,0,0,0,4.77E-05,0.000332226,0.000693662,0,0.000343501,0,0,0,0,0,0,0,0,0,0,0,0,0,0,0,0,0,0,0,0,0.002028576,0.007227891,0.007358726,0.001181946,0,0,0,0,0,0,0,0.000401445,0,0,0,0,0,0,0,0,0,0,0,0,0,0,0,0,0,0,0
k__Bacteria;p__Chloroflexi;c__SAR202;o__;f__;g__,0.006862876,0.004298302,0.010081136,0.008165145,0.003231266,0,0,0,0,0,0.016696697,0.00733945,0.006513541,0.001526951,0,0,0,0,0.005681085,0.005822862,0.027100945,0.036229272,0,0.02145749,0.03853211,0,0,0,0,0,0.001940377,0,0,7.39E-05,0,0,0.02750533,0.056653491,0.001254031,0,0,0.000321156,0,0,0.004348553,0.001420455,0.001912568,0.075,0,0,0,0,0.000392157,0,0,0.00390625,0,0,0,0,0
k__Bacteria;p__Chloroflexi;c__TK17;o__TK18;f__;g__,0.000223304,0.00042983,0.000344828,0,0,0,0,0,0,0,0,0,0,0,0,0,0,0,0,0.000919399,0,0,0,0,0,0,0,0,0,0,0,0,0,0,0,0,0,0,0,0,0,0,0,0,0,0,0,0,0,0,0,0,0,0,0,0,0,0,0,0,0
k__Bacteria;p__Cyanobacteria;c__Chloroplast;o__;f__;g__,0,0,0,0,0,0,0,0,0,0,0,0,0,0,0,0,0,0,0,0,0,0,0,0,0,0,0,0,0.006816304,0,0,0,0,0,0,0,0,0,0,0.002749141,0,0,0.000745256,0.001021972,0.00083626,0,0,0,0,0,0.012173695,0,0.002352941,0.002176096,0.004878049,0,0.002306805,0,0.001584786,0,0
k__Bacteria;p__Cyanobacteria;c__Chloroplast;o__Chlorophyta;f__;g__,0,0,0,0,0,0,0,0,0,0,0,0,0,0,0,0,0,0,0,0,0,0,0,0,0,0.002426778,0.000370302,0.001006036,0.003511429,0.000926956,0,0,0,0,0,0,0,0,0,0.005498282,0,0,0,0.000510986,0,0,0,0,0,0,0,0,0,0,0,0,0,0,0,0,0
k__Bacteria;p__Cyanobacteria;c__Chloroplast;o__Chlorophyta;f__Mamiellaceae;Other,0,0,0,0,0,0,0,0,0,0,0,0,0,0,0.003675698,0,6.70E-05,0.000420097,0,0,0.002486325,0.002343187,0,0.003238866,0,0.003514644,0.005554527,0,0.001583586,0.017612162,0,0,0,0,0.00286533,0.000430973,0,0,0.002060193,0.020962199,0,0,0.001969604,0.002043945,0.000501756,0,0,0,0,0,0.001506024,0.007894737,0.001372549,0.003180449,0,0,0,0.000569152,0.004754358,0,0
k__Bacteria;p__Cyanobacteria;c__Chloroplast;o__Chlorophyta;f__Mamiellaceae;g__,0,0,0,0,0,0,0,0,0,0,0,0,0,0.108922482,0.601239235,0.00331675,0.043545254,0.061670308,0,0,0.002237693,0.002343187,0.000703878,0.003373819,0.001834862,0.005690377,0.02684688,0.001676727,0.003167172,0.021505376,0,0,0,0,0.042979943,0,0.003198294,0.000658762,0.135659262,0.079381443,0,0,0.007266243,0.007664793,0.007860846,0,0,0,0,0,0.005584839,0.031578947,0.014901961,0.018245732,0.063414634,0,0.244521338,0.011952191,0.006339144,0,0
k__Bacteria;p__Cyanobacteria;c__Chloroplast;o__Cryptophyta;f__;g__,0,0,0,0,0,0,0,0,0,0,0,0,0,0.000101797,0,0,0,0,0,0,0,0.000180245,0,0,0,0.001924686,0.000555453,0,0.000963922,0.009269559,0,0,0,0,0.00286533,0,0,0,0.000179147,0.003780069,0,0,2.66E-05,0,0.000501756,0,0,0,0,0,0,0.010526316,0,0,0.014634146,0,0,0,0,0,0
k__Bacteria;p__Cyanobacteria;c__Chloroplast;o__Haptophyceae;f__;g__,0,0,0,0,0,0,0,0,0,0,0,0,0,0.000152695,0.002730519,0,0.000133985,0,0,0,0,0,0,0,0,0,0.000370302,0,0,0.000741565,0,0,0,0,0,0,0,0,0,0.000343643,0,0,0,0,0,0,0,0,0,0,0,0.005263158,0.000196078,0,0,0,0,0,0,0,0
k__Bacteria;p__Cyanobacteria;c__Chloroplast;o__Stramenopiles;f__;g__,0,0,0,0,0,0,0,0,0,0,0,0.003669725,0.000685636,0.002035934,0.004095778,0,0.002411737,0.002688624,0,0,0.052710094,0.002162942,0,0.023616734,0.000917431,0.095481172,0.060914645,0.024480215,0.02258331,0.073044123,0,0,0,0,0.00286533,0.000430973,0.003624733,0.003952569,0.003179864,0.059450172,0,0,0.004152139,0.024016352,0.02692758,0,0,0,0,0.070422535,0.001945281,0.171052632,0.002745098,0.002008704,0.112195122,0,0,0.002276608,0.296354992,0,0
k__Bacteria;p__Cyanobacteria;c__Chloroplast;o__Streptophyta;f__;g__,0.005954773,0.001396948,8.11E-05,0.000669961,0,0.005965448,8.31E-05,0.002427816,0.000276091,0.003984611,0,0,0,0,0,0,0,0,0,0.009193993,0,0,0,0,0,0,0,0,0,0,0,0,0,0.000221615,0,0,0,0,0,0,0.219512195,8.03E-05,0,0,0,0,0,0,0.005171042,0,0,0,0,0,0,0,0,0,0,0,0
k__Bacteria;p__Cyanobacteria;c__Nostocophycideae;o__Stigonematales;f__Rivulariaceae;g__Calothrix,0,0,0,0,0,0,0,0,0,0,0,0,0,0,0,0,0,0,0,0,0,0,0,0,0,0,0,0,0,0,8.82E-05,0,0,0,0,0,0,0,0,0,0,0,0,0,0,0,0.020218579,0,0,0,0,0,0,0,0,0,0,0,0,0,0
k__Bacteria;p__Cyanobacteria;c__Synechococcophycideae;o__Synechococcales;f__Synechococcaceae;g__Prochlorococcus,0,0,0,0.000125618,0,0,0.000249169,0.000303477,0,0,0,0,0,0,0,0,0,0,0.000129116,0,0,0,0,0,0,0,0,0,0,0,0.001587582,0,0,0,0,0,0,0,0,0,0,0,0,0,0,0,0,0,0,0,0,0,0,0,0,0,0,0,0,0,0
k__Bacteria;p__Cyanobacteria;c__Synechococcophycideae;o__Synechococcales;f__Synechococcaceae;g__Synechococcus,0,0,0.001257606,0.004187254,0,0.002004391,0.001328904,0.005332524,9.20E-05,0.002404507,0,0,0,0,0,0,0,0,0.000710136,0.000612933,0,0,0,0,0,0.025020921,0.019811146,0.030181087,0.063894244,0.017612162,0.000264597,0.000141723,0.000323969,7.39E-05,0.00286533,0,0,0,0,0.040206186,0,0,0,0.013796627,0,0,0,0,0.00159109,0,0,0.005263158,0,0,0,0,0,0,0,0,0
k__Bacteria;p__Deferribacteres;c__Deferribacteres;o__Deferribacterales;f__Deferribacteraceae;g__Deferribacter,0,0,0,0,0,0.001383984,0.003322259,0.001994277,0.000828272,0.00350371,0,0,0,0,0,0,0,0,0,0,0,0,0,0,0,0,0,0,0,0,0,0,0,0,0,0,0,0,0,0,0,0,0,0,0,0,0,0,0.001988862,0,0,0,0,0,0,0,0,0,0,0,0
k__Bacteria;p__Firmicutes;c__Bacilli;o__Bacillales;Other;Other,0.000253078,0.00085966,0.000933063,0.001046813,0.00015387,0,0.000498339,0.000433539,0.000276091,6.87E-05,0,0,0,0,0,0,0,0,0,0.002758198,0,0,0,0,0,0,0,0,0,0,0.000440995,0.000141723,0,0.000147743,0,0,0,0,0,0,0,0.000562023,0,0,0,0,0,0,0,0,0,0,0,0,0,0.000976563,0,0,0,0,0
k__Bacteria;p__Firmicutes;c__Bacilli;o__Bacillales;f__Alicyclobacillaceae;g__Alicyclobacillus,0,0.00042983,4.06E-05,4.19E-05,0,0.000334065,0.000166113,0.000260123,0.000276091,0.000412201,0,0,0,0,0,0,0,0,0.00058102,0,0,0,0,0,0,0,0,0,0,0,0.001852179,0,0,0.000147743,0,0,0,0,0,0,0.097560976,0,0,0,0,0,0.004098361,0,0,0,0,0,0,0,0,0.000976563,0,0,0,0,0
k__Bacteria;p__Firmicutes;c__Bacilli;o__Bacillales;f__Bacillaceae;g__,0.000506156,0,0.004462475,0,0.00015387,0,0,0,0,0.000274801,0,0,0,0,0,0,0,0,6.46E-05,0,0,0,0,0,0,0,0,0,0,0,0.001234786,0,4.63E-05,0,0,0,0,0,0,0,0,0.002810116,0,0,0,0,0.014754098,0,0,0,0,0,0,0,0,0,0,0,0,0,0
k__Bacteria;p__Firmicutes;c__Bacilli;o__Bacillales;f__Staphylococcaceae;g__Staphylococcus,0,0,0,0,0,0,0,0,0,0,0,0.001834862,0,0,0.00073514,0,0,0,0,0,0,0,0,0,0,0,0,0.002012072,0.001239328,0,0,0,0,0,0,0,0.002985075,0,0,0,0,0,0,0,0,0,0,0,0,0,0,0,0,0,0,0,0,0,0,0,0
k__Bacteria;p__Firmicutes;c__Bacilli;o__Lactobacillales;f__Streptococcaceae;g__Lactococcus,0,0,0.001541582,0.000251235,0,0,0,8.67E-05,0.000276091,0,0,0,0,0,0,0,0,0,0,0.000612933,0,0,0,0,0,0,0,0,0,0,0,0,0,0,0,0,0,0,0,0,0.040650407,0,0,0,0,0,0.000546448,0,0.000397772,0,0,0,0,0,0,0,0,0,0,0,0
k__Bacteria;p__Firmicutes;c__Clostridia;o__Clostridiales;f__Clostridiaceae;g__,0,0,0,0,0,0,0,0,0,0,0,0,0,0,0,0,0,0,0,0,0,0,0,0,0,0,0,0,0,0,0,0,0,0,0,0,0,0,0,0,0,0,0,0,0,0,0.034972678,0,0,0,0,0,0,0,0,0,0,0,0,0,0
k__Bacteria;p__Firmicutes;c__Clostridia;o__Halanaerobiales;f__Halanaerobiaceae;g__,0,0,0,0,0,0.001479431,8.31E-05,0.001950923,0,0,0,0,0,0,0,0,0,0,0,0,0,0,0,0,0,0,0,0,0,0,0,0,0,0,0,0,0,0,0,0,0,0,0,0,0,0,0,0,0,0,0,0,0,0,0,0,0,0,0,0,0
k__Bacteria;p__Firmicutes;c__Clostridia;o__Halanaerobiales;f__Halanaerobiaceae;g__Halanaerobium,0,0,0,0,0,0.004867806,0.002740864,0.003078124,0.007362415,0.005083814,0,0,0,0,0,0,0,0,0,0,0,0,0,0,0,0,0,0,0,0,0,0,0,0,0,0,0,0,0,0,0,0,0,0,0,0,0,0,0.00318218,0,0,0,0,0,0,0,0,0,0,0,0
k__Bacteria;p__Firmicutes;c__Clostridia;o__Halanaerobiales;f__Halobacteroidaceae;g__Halanaerobacter,0,0,0,0,0,0.012837644,0.084219269,0.007066678,0.115681944,0.105248695,0,0,0,0,0,0,0,8.40E-05,0,0,0,0,0,0,0,0,0,0,0,0,0,0,0,0,0,0,0,0,0,0,0,0,0,0,0,0,0,0,0.036197295,0,0,0,0,0,0,0,0,0,0,0,0
k__Bacteria;p__GN02;c__3BR-5F;o__;f__;g__,0.00203951,0,0.000953347,0,0.002461917,0.002243008,0.003405316,0.001343969,0.000460151,0.000961803,0,0,0,0,0,0,0,0,0.001936733,0,0,0,0,0,0,0,0,0,0,0,0.008819898,0.00970805,0.004119035,0.029770259,0,0,0,0,0,0,0,0.012364512,0,0,0,0,0,0,0.002386635,0,0,0,0,0,0,0.00390625,0,0,0,0,0
k__Bacteria;p__GN02;c__BB34;o__;f__;g__,0,0,0,0,0,0,0,0,0,0,0,0,0,0,0,0,0,0,0,0,0,0,0,0,0,0,0,0,0,0,8.82E-05,0.00085034,0.000416532,0.000886459,0,0,0,0,0,0,0,0,0,0,0,0,0,0,0,0,0,0,0,0,0,0,0,0,0,0,0
k__Bacteria;p__GN02;c__BD1-5;o__;f__;g__,0,0,0,0,0,4.77E-05,0,0.000476892,0,0,0,0,0,0,0,0,0,0,0,0,0.000497265,0.000180245,7.04E-05,0.000134953,0,8.37E-05,0,0,0,0,8.82E-05,7.09E-05,0.000185125,0.000221615,0,0.00057463,0,0,0,0,0,0.002810116,0,0.001532959,0.014383676,0,0,0,0,0,0,0,0.000392157,0,0,0,0,0,0,0,0
k__Bacteria;p__GN02;c__GKS2-174;o__;f__;g__,0.000461495,0.002578981,0.001440162,0.002554225,0.002000308,0.000334065,0,0.000650308,0,0,0,0,0,0,0,0,0,0,0.000129116,0.000306466,0,0,0,0,0,0,0,0,0,0,0,0.000283447,0.00037025,0.000886459,0,0,0,0,0,0,0,0.001364914,0,0,0,0,0,0,0,0,0,0,0,0,0,0.001953125,0,0,0,0,0
k__Bacteria;p__Gemmatimonadetes;c__Gemm-2;o__;f__;g__,0.000937877,0.001826778,0.001724138,0.001381794,0.00030774,0,0,0,0,0,0.000600601,0.012844037,0.010284539,0,0,0,0,0,0.000645578,0.000306466,0.00298359,0.003604903,0,0.001349528,0.000917431,0,0,0,0,0,8.82E-05,0,0,0,0,0,0.003837953,0.005928854,0,0,0,0,0,0,0.000669008,0,0.00136612,0.001470588,0,0,0,0,0,0,0,0,0,0,0,0,0
k__Bacteria;p__Hyd24-12;c__WM88;o__;f__;g__,0,0,0,0,0,0.000715854,0.000166113,0.000303477,0.00018406,0,0,0,0,0,0,0,0,0,0,0,0,0,0,0,0,0,0,0,0,0,0.003880755,0.005739796,0.008886009,0.000664845,0,0,0,0,0,0,0,0,0,0,0,0,0,0,0,0,0,0,0,0,0,0,0,0,0,0,0
k__Bacteria;p__Lentisphaerae;c__[Lentisphaeria];o__Lentisphaerales;f__Lentisphaeraceae;g__,0.000148869,0,0.000689655,0.000251235,0,0,0,0,0,0,0,0,0,0,0,0,0,0,6.46E-05,0,0,0,0,0,0,0,0,0,0,0,0,0,0,0,0,0,0,0,0,0,0,0,0,0,0,0,0.000273224,0,0,0,0,0,0,0,0,0,0,0,0,0,0
k__Bacteria;p__Lentisphaerae;c__[Lentisphaeria];o__Z20;f__;g__,0,0,0,0,0,0.000381789,0,0.001864216,0.00018406,0.000412201,0,0,0,0,0,0,0,0,0,0,0,0,0,0,0,0,0,0,0,0,0,0,0,0,0,0,0,0,0,0,0,0,0,0,0,0,0,0,0,0,0,0,0,0,0,0,0,0,0,0,0
k__Bacteria;p__NKB19;c__SHAB590;o__;f__;g__,0.001071859,0.001934236,0.000709939,0.002847333,0,0,0,0,0,0,0,0,0,0,0,0,0,0,0.000193673,0.001838799,0,0,0,0,0,0,0,0,0,0,0,0,0,0,0,0,0,0,0,0,0,0,0,0,0,0,0.002459016,0,0,0,0,0,0,0,0,0,0,0,0,0,0
k__Bacteria;p__Nitrospirae;c__Nitrospira;o__Nitrospirales;f__;g__,0,0,0,0,0,0.000190894,0,4.34E-05,0,0,0,0,0,0,0,0,0,0,0,0,0,0,0,0,0,0,0,0,0,0,0,0,0,0,0,0,0,0,0,0,0,0.014452027,0,0,0,0,0,0,0,0,0,0,0,0,0,0,0,0,0,0,0
k__Bacteria;p__Nitrospirae;c__Nitrospira;o__Nitrospirales;f__[Thermodesulfovibrionaceae];g__BD2-6,0,0,0,0,0,0.000381789,8.31E-05,0.000520246,0,0,0,0,0,0,0,0,6.70E-05,0,0,0,0,0,0,0,0,0,0,0,0,0,0.002116775,0.0075822,0.005461193,0.011080742,0,0,0,0,0,0,0,0.003532718,0,0,0,0,0,0,0,0,0,0,0,0,0,0,0,0,0,0,0
k__Bacteria;p__OD1;c__ABY1;o__;f__;g__,0.000908103,0.00042983,0.000811359,0.000376853,0.009386059,0.210938246,0.195265781,0.175106217,0.155991165,0.151964826,0.001561562,0,0,0,0,0,0,0,0.007230471,0,0.001243163,0.00036049,0,0.001889339,0.000917431,0,0,0,0,0,0.004586347,0.004464286,0.003008284,0.006943931,0,0,0,0,0,0,0,0.013087114,0,0,0,0,0,0,0.219570406,0,0,0,0,0,0,0.012695313,0,0,0,0,0
k__Bacteria;p__OD1;c__Mb-NB09;o__;f__;g__,0,0,0,0,0,0,0,0,0,0,0,0,0,0,0,0,0,0,0,0,0,0,0,0,0,0,0,0,0.001514734,0.000370782,0,0,0,0,0,0,0,0,0,0.00137457,0,0,0,0.002043945,0,0,0,0,0,0,0,0,0,0,0,0,0,0,0,0,0
k__Bacteria;p__OD1;c__ZB2;o__;f__;g__,8.93E-05,0.001504406,0.000223124,0.000586216,0,0.000143171,0,0,0,0,0,0,0,0,0,0,0,0,0.000516462,0,0,0,0,0.000269906,0,0,0,0,0,0,0.000176398,0.000637755,4.63E-05,0.002659378,0,0,0,0,0,0,0,0.007948615,0,0,0,0,0.001092896,0,0.000397772,0,0,0,0,0,0,0.00390625,0,0,0,0,0
k__Bacteria;p__OP1;c__KB1;o__;f__;g__,0,0,0,0,0,0.052066431,0.056810631,0.042009885,0.0496963,0.045823028,0,0,0,0,0,0,0,0,0,0,0,0,0,0,0,0,0,0,0,0,0,0,0,0,0,0,0,0,0,0,0,0,0,0,0,0,0,0,0.056483691,0,0,0,0,0,0,0,0,0,0,0,0
k__Bacteria;p__OP3;c__;o__;f__;g__,0,0,0,0,0,0.000906748,8.31E-05,0.000520246,0.00018406,0.000549602,0,0,0,0,0,0,0,0,0,0,0,0,0,0,0,0,0,0,0,0,0.000529194,0.001062925,0.001018189,0.000369358,0,0,0,0,0,0,0,0.000240867,0,0,0,0,0,0,0.000795545,0,0,0,0,0,0,0,0,0,0,0,0
k__Bacteria;p__OP3;c__BD4-9;o__;f__;g__,0,0,0,0,0,0.001145366,0.000249169,0.000520246,9.20E-05,0,0,0,0,0,0,0,0,0,0,0,0,0,0,0,0,0,0,0,0,0,0.000617393,0.000992063,0.00143472,0.00044323,0,0,0,0,0,0,0,8.03E-05,0,0,0,0,0,0,0.000397772,0,0,0,0,0,0,0,0,0,0,0,0
k__Bacteria;p__OP8;c__OP8_1;o__HMMVPog-54;f__;g__,0,0,0,0,0,0.000811301,0,0.000823723,0,0,0,0,0,0,0,0,0,0,0,0,0,0,0,0,0,0,0,0,0,0,0.000529194,0.000637755,0.001295876,0.000147743,0,0,0,0,0,0,0,0,0,0,0,0,0,0,0,0,0,0,0,0,0,0,0,0,0,0,0
k__Bacteria;p__OP9;c__JS1;o__SB-45;f__;g__,0,0,0,0,0,0.021189272,0.003239203,0.055579641,0.001012332,0.00343501,0,0,0,0,0,0,0,0,0,0,0,0,0,0,0,0,0,0,0,0,0.01031928,0.013747166,0.026334058,0.002511635,0,0,0,0,0,0,0,0.000160578,0,0,0,0,0,0,0.005966587,0,0,0,0,0,0,0.000976563,0,0,0,0,0
k__Bacteria;p__PAUC34f;c__;o__;f__;g__,0.001756658,0.003223727,0.003225152,0.00230299,0.000923219,4.77E-05,0,0,0,0,0,0,0,0,0,0,0,0,0.002001291,0.000919399,0,0,0,0,0,0,0,0,0,0,0.000529194,0,0,0.000295486,0,0,0,0,0,0,0,0.000160578,0,0,0,0,0.000273224,0,0,0,0,0,0,0,0,0.000976563,0,0,0,0,0
k__Bacteria;p__Planctomycetes;c__;o__;f__;g__,0.000476382,0.000537288,0.000182556,0,0,0,0,0,0,0,0,0,0,0,0,0,0,0,0.000193673,0,0,0,0,0,0,0,0,0,0,0,0.000617393,0,0,0,0,0,0,0,0,0,0,0,0,0,0,0,0,0,0,0,0,0,0,0,0,0,0,0,0,0,0
k__Bacteria;p__Planctomycetes;c__OM190;o__CL500-15;f__;g__,0.000119095,0.00085966,0.000182556,0.000251235,0.000461609,0,0,0,0,0,0,0.003669725,0.004113816,0,0,0,0,0,6.46E-05,0.000306466,0.001491795,0.001622206,0,0,0,0.000167364,0,0,6.89E-05,0,0,0,0,0,0,0.000287315,0.000852878,0.002635046,0,0.000343643,0,0,0,0,0.001839773,0,0,0,0,0.014084507,0,0,0,0,0,0,0,0,0,0,0
k__Bacteria;p__Planctomycetes;c__OM190;o__agg27;f__;g__,0.000640138,0.000644745,0.000344828,0.000418725,0.002154178,0,0,0.000173415,0,0,0.00012012,0,0,0,0,0,0,0,0.001032924,0.000306466,0.000248633,0.001261716,0,0,0.002752294,0.000502092,0,0.001006036,0.001101625,0.001297738,0.000529194,7.09E-05,4.63E-05,0,0,0,0.002771855,0.002635046,0,0.000343643,0,0.000160578,0,0,0.001839773,0,0.002185792,0,0,0,0,0,0,0,0,0.002929688,0,0,0,0,0
k__Bacteria;p__Planctomycetes;c__Phycisphaerae;o__Phycisphaerales;f__;g__,0.003394221,0.004728132,0.00693712,0.006155263,0.005847053,0.001956667,0.000581395,0.001040492,9.20E-05,6.87E-05,0.001081081,0,0,0,0,0,0,0,0.004389929,0.001838799,0.002486325,0.003604903,0,0.002159244,0.00733945,0.002845188,0.00203666,0,0.004062242,0.003707824,0.005556536,0.000212585,0,0,0,0.000143658,0.000639659,0.003952569,0.000313508,0.003092784,0,0.001364914,2.66E-05,0,0.002174277,0,0.003005464,0,0,0,0,0,0.000392157,0,0,0.005859375,0.002306805,0,0,0,0
k__Bacteria;p__Planctomycetes;c__Pla3;o__;f__;g__,0.000401947,0.00042983,0.000466531,0.000628088,0.001077089,0,0,0,0,0,0,0,0,0,0,0,0,0,0.00116204,0.000612933,0,0,0,0,0,0,0,0,0,0,0.001499383,0,0,0,0,0,0,0,0,0,0,0,0,0,0,0,0.001912568,0,0,0,0,0,0,0,0,0.001953125,0,0,0,0,0
k__Bacteria;p__Planctomycetes;c__Planctomycetia;o__Pirellulales;f__Pirellulaceae;g__,0.001205842,0.003546099,0.002008114,0.003642911,0.000769349,0.00133626,0.000166113,0.000433539,0,0.0001374,0.001201201,0,0,0,0.00010502,0,0,0,0.00116204,0.000306466,0,0.001081471,0,0.00148448,0.000917431,0.011464435,0.002777263,0.011401744,0.007917929,0.0063033,0.002381372,0.001913265,0.004257879,0.000590973,0,0,0,0.004611331,0.000403081,0.008591065,0,0.000160578,0,0.003065917,0,0,0.003551913,0,0,0,0,0,0,0,0,0.002929688,0,0,0,0,0
k__Bacteria;p__Planctomycetes;c__Planctomycetia;o__Planctomycetales;f__Planctomycetaceae;g__Planctomyces,0.000297739,0.000322373,0.000507099,0.000376853,0.00030774,0,0.000249169,0,0,0,0,0,0,0,0,0,0,0,0.001355713,0.000306466,0,0,0,0,0,0.000251046,0.004999074,0.001006036,6.89E-05,0.000185391,0.001322985,7.09E-05,0,0,0,0,0,0,0,0,0,0,0,0,0,0,0.000819672,0,0.000795545,0,0,0,0,0,0,0.002929688,0,0,0,0,0
k__Bacteria;p__Planctomycetes;c__[Brocadiae];o__Brocadiales;f__Brocadiaceae;g__CandidatusScalindua,0,0,0,0,0,0.000238618,8.31E-05,0.000303477,0,6.87E-05,0,0,0,0,0,0,0,0,0,0,0,0,0,0,0,0,0,0,0,0,0.000352796,0.006377551,0.001481002,0.015291424,0,0,0,0,0,0,0,0.015335207,0,0,0,0,0,0,0,0,0,0,0,0,0,0,0,0,0,0,0
k__Bacteria;p__Proteobacteria;c__Alphaproteobacteria;o__;f__;g__,0.006297173,0.002578981,0.005476673,0.00757893,0.003846746,0,0,0,0,0,0.001201201,0.022018349,0.012341447,0.005089836,0.00084016,0.004145937,0.012862598,0.012182826,0.006843125,0.006742262,0.00298359,0.005227109,0.000140776,0.00148448,0,0.005020921,0.01647843,0,0.013839163,0.024471635,0.006438525,0.001346372,0,0.001403561,0.063037249,0,0.001705757,0,0.002731996,0.027835052,0,0.005620233,0.001916372,0.004598876,0.001338016,0,0.006284153,0,0,0.042253521,0.001004016,0.010526316,0.008823529,0.007867426,0,0.000976563,0,0.011952191,0,0,0
k__Bacteria;p__Proteobacteria;c__Alphaproteobacteria;o__BD7-3;f__;g__,0,0.003546099,0,8.37E-05,0,0,0,0,0,0,0.00012012,0,0,0,0,0,0,0.000168039,0,0,0.000497265,0,0.003449004,0.000539811,0.000917431,0,0,0,0,0,0,0,0,0,0,0,0,0,0,0,0,0,0,0,0,0,0.000819672,0,0,0,0,0,0,0,0,0,0,0,0.00792393,0,0
k__Bacteria;p__Proteobacteria;c__Alphaproteobacteria;o__Caulobacterales;f__Caulobacteraceae;g__,0.00058059,0.004943047,0.000709939,0.000963068,0.000615479,0.000143171,0.001827243,0.000303477,0.00018406,0.000412201,0,0,0,0,0,0,0,0,0.000903809,0.003064664,0,0,0,0,0,0,0,0,0,0,0.002822367,0,0.000138844,0,0,0,0,0,0,0,0.06504065,0,0,0,0,0,0.00136612,0,0,0,0,0,0,0,0,0.001953125,0,0,0,0,0
k__Bacteria;p__Proteobacteria;c__Alphaproteobacteria;o__Ellin329;f__;g__,0.000104209,0.001396948,0.000182556,0,0.000461609,9.54E-05,0,0,0,0,0,0,0,0,0,0,0,0,6.46E-05,0,0,0,0,0,0,0,0,0,0,0,0,0,0,0,0,0,0,0,0,0,0,0,0,0,0,0,0,0,0,0,0,0,0,0,0,0,0,0,0,0,0
k__Bacteria;p__Proteobacteria;c__Alphaproteobacteria;o__Kiloniellales;f__;g__,0,0,0,0,0,0,0,0,0,0,0,0,0,0,0,0,0,0,0,0,0,0,0,0,0,0.0041841,0.013145714,0.013078471,0.009501515,0.00945495,0,0,0,0,0,0,0,0,0,0.006872852,0,0,0,0.004598876,0,0,0,0,0,0,0,0,0,0,0,0,0,0,0,0,0
k__Bacteria;p__Proteobacteria;c__Alphaproteobacteria;o__Rhizobiales;f__;g__,0,0,0,0,0,0,0,0,0,0,0,0,0,0,0,0,0,0,0,0.01379099,0,0,0,0,0,0,0,0,0,0,0,0,0,0,0,0,0,0,0,0,0,0,0,0,0,0,0,0,0,0,0,0,0,0,0,0,0,0,0,0,0
k__Bacteria;p__Proteobacteria;c__Alphaproteobacteria;o__Rhizobiales;f__Aurantimonadaceae;Other,0.000178643,0,0.00168357,0,0,0,0,0,0.000368121,0,0,0,0,0,0,0,0,0,0,0.001225866,0,0,0,0,0,0,0,0,0,0,0.000176398,0,0.000138844,0,0,0,0,0,0,0,0,0,0,0,0,0,0,0,0,0,0,0,0,0,0,0,0,0,0,0,0
k__Bacteria;p__Proteobacteria;c__Alphaproteobacteria;o__Rhizobiales;f__Bradyrhizobiaceae;g__,0,0,0,0,0,0,0,0,0,0,0.000720721,0,0,5.09E-05,0.002730519,0.000829187,0,0,0,0,0,0.00036049,0,0.000134953,0.001834862,0,0.000185151,0.001341382,0,0,0,0,0,0,0,0,0.002345416,0.001317523,0.000268721,0.000343643,0,0,0.000106465,0,0.000334504,0.005681818,0,0.025,0,0,6.28E-05,0,0,0.000167392,0,0,0.001153403,0,0.001584786,0,0
k__Bacteria;p__Proteobacteria;c__Alphaproteobacteria;o__Rhizobiales;f__Bradyrhizobiaceae;g__Bradyrhizobium,0.000506156,0,0,0,0,0,0,4.34E-05,0,0,0,0,0,0,0,0,0,0,0,0.011032792,0,0,0,0,0,0,0,0,0,0,0,0,0,0,0,0,0,0,0,0,0,0,0,0,0,0,0.00273224,0,0,0,0,0,0,0,0,0,0,0,0,0,0
k__Bacteria;p__Proteobacteria;c__Alphaproteobacteria;o__Rhizobiales;f__Brucellaceae;g__Ochrobactrum,0.000312626,0.000644745,0.000324544,0.000125618,0.00015387,0.000143171,0.000415282,0,0,0,0,0,0,0,0,0,0,0,0.000774693,0.000612933,0,0,0,0,0,0,0,0,0,0,0,0,0,0,0,0,0,0,0,0,0.032520325,0,0,0,0,0,0,0,0,0,0,0,0,0,0,0,0,0,0,0,0
k__Bacteria;p__Proteobacteria;c__Alphaproteobacteria;o__Rhizobiales;f__Phyllobacteriaceae;g__,0.000446608,0,0,0,0,0,0,0,0,0,0,0,0,0,0,0,0,0,0,0,0,0,0,0,0,0,0,0,0,0,0,0,0,0,0,0,0,0,0,0,0,0,0,0,0,0,0.000546448,0,0,0,0,0,0,0,0,0,0,0,0,0,0
k__Bacteria;p__Proteobacteria;c__Alphaproteobacteria;o__Rhizobiales;f__Phyllobacteriaceae;g__Phyllobacterium,0,0,0,0,0,0,0,0,0,0,0.00048048,0,0.000342818,5.09E-05,0.001575299,0,0,0,0,0,0,0.001081471,0,0.000269906,0,0.000502092,0,0.001006036,0,0.000370782,0,0,0,0,0,0.000287315,0.000639659,0.003293808,0.000358295,0,0,0,5.32E-05,0,0,0.001420455,0,0.013235294,0,0,0,0,0,0.000669568,0.004878049,0,0.00461361,0.000569152,0,0,0.043478261
k__Bacteria;p__Proteobacteria;c__Alphaproteobacteria;o__Rhizobiales;f__Rhizobiaceae;g__Agrobacterium,0.001190955,0.001504406,0.000791075,0,0,0,0.000830565,0,0.001288423,0,0,0,0,0,0,0,0,0,0.000839251,0.001225866,0,0,0,0,0,0,0,0,0,0,0.003527959,0,0,0,0,0,0,0,0,0,0.219512195,0.00080289,0,0,0,0,0.003551913,0,0,0,0,0,0,0,0,0.001953125,0,0,0,0,0
k__Bacteria;p__Proteobacteria;c__Alphaproteobacteria;o__Rhodobacterales;f__Hyphomonadaceae;Other,0.000655025,0.000644745,0,0,0,0,0,0,0.000368121,0,0,0,0,0,0,0,0,0,0,0,0,0,0,0,0,0,0,0,0,0,0,0,0,0,0,0,0,0,0,0,0,0,0,0,0,0,0.005737705,0,0,0,0,0,0,0,0,0,0,0,0,0,0
k__Bacteria;p__Proteobacteria;c__Alphaproteobacteria;o__Rhodobacterales;f__Hyphomonadaceae;g__,0.000699686,0.002256609,0.000446247,0.000544343,0,0,0,0,0,0,0,0,0,0,0,0,0,0,0.000710136,0.000612933,0,0,0,0,0,0,0,0,0,0,8.82E-05,0.000141723,0.000138844,0,0,0,0,0,0,0,0,0,0,0,0,0,0,0,0.001193317,0,0,0,0,0,0,0.001953125,0,0,0,0,0
k__Bacteria;p__Proteobacteria;c__Alphaproteobacteria;o__Rhodobacterales;f__Rhodobacteraceae;Other,0.003706847,0.00042983,0,0,0,0,0,0,0,0,0,0,0,0,0,0,0,0,0,0.000306466,0,0,0,0,0,0,0,0,0,0,0,0,0,0,0,0,0,0,0,0,0,0,0,0,0,0,0,0,0,0,0,0,0,0,0,0,0,0,0,0,0
k__Bacteria;p__Proteobacteria;c__Alphaproteobacteria;o__Rhodobacterales;f__Rhodobacteraceae;g__,0.02359579,0.011820331,0.012900609,0.007830165,0.004462225,0.00133626,0.00730897,0.008454002,0.003036996,0.001167903,0.015255255,0.014678899,0.023997257,0.038733649,0.001995379,0.043946932,0.012326656,0.005797345,0.003938025,0.00950046,0.025111885,0.002162942,0.08460618,0.025910931,0.005504587,0.017824268,0.023143862,0.020791415,0.036215918,0.019836856,0.009349092,0.000141723,0.001388439,7.39E-05,0.011461318,0.00172389,0.000426439,0.003293808,0.068882121,0.021305842,0,0.001846648,0.077692901,0.434338273,0.002007025,0,0.000819672,0.004411765,0.007557677,0,0.080886044,0,0.052352941,0.070974222,0,0.000976563,0.002306805,0.043255549,0.217115689,0,0
k__Bacteria;p__Proteobacteria;c__Alphaproteobacteria;o__Rhodobacterales;f__Rhodobacteraceae;g__Anaerospora,0.002143718,0.001611863,0,0,0,0,0.000581395,0,0.000276091,0,0,0,0,0,0,0,0,0,0,0,0,0,0,0,0,0,0,0,0,0,0,0,4.63E-05,0.000221615,0,0,0,0,0,0,0,0,0,0,0,0,0.008469945,0,0,0,0,0,0,0,0,0.001953125,0,0,0,0,0
k__Bacteria;p__Proteobacteria;c__Alphaproteobacteria;o__Rhodobacterales;f__Rhodobacteraceae;g__Loktanella,0,0,0,0,0,0,0,0,0,0,0,0,0.000342818,0.000101797,0.00031506,0,0.000133985,0,0,0,0.009199403,0.002523432,0.008657704,0.003508772,0.004587156,0,0,0,0,0,0,0,0,0,0,0.000861945,0,0,0,0,0,0,0.00093157,0.000510986,0,0,0,0,0,0,0.001443273,0,0.000392157,0.000167392,0,0,0,0,0.057052298,0,0
k__Bacteria;p__Proteobacteria;c__Alphaproteobacteria;o__Rhodobacterales;f__Rhodobacteraceae;g__Paracoccus,0,0,0.000507099,0.000125618,0.00015387,0.000334065,0,8.67E-05,0.000460151,0,0,0,0,0,0,0,0,0,0,0,0,0,0,0,0,0,0,0,0,0,0,0,0.000138844,0,0,0,0,0,0,0,0,0,0,0,0,0,0,0,0,0,0,0,0,0,0,0,0,0,0,0,0
k__Bacteria;p__Proteobacteria;c__Alphaproteobacteria;o__Rhodobacterales;f__Rhodobacteraceae;g__Pseudoruegeria,0,0,0,0,0,0,0,0,0,0,0,0,0,0.007074871,0.002310439,0.000829187,0.000602934,0.000336078,0,0,0.001491795,0.000540735,0,0,0,0.000167364,0.000370302,0.001006036,0,0,0,0,0,0,0,0,0.00021322,0,0.004702616,0,0,0,2.66E-05,0,0.001003512,0,0,0,0,0,0,0,0.000392157,0,0,0,0.001153403,0.000569152,0,0,0
k__Bacteria;p__Proteobacteria;c__Alphaproteobacteria;o__Rhodobacterales;f__Rhodobacteraceae;g__Sulfitobacter,0,0,0,0,0,0,0,0,0,0,0.00024024,0,0,5.09E-05,0.001260239,0,0.000133985,0,0,0,0.009448036,0.008111031,0.001126205,0.015654521,0.002752294,0.000251046,0,0.000670691,0,0,0,0,0,0,0,0.275966097,0.005117271,0.001976285,4.48E-05,0.000343643,0,0,0.000558942,0.001532959,0.000334504,0,0,0,0,0,0.000439257,0,0.002156863,0.001171744,0,0,0,0,0.011093502,0,0
k__Bacteria;p__Proteobacteria;c__Alphaproteobacteria;o__Rhodospirillales;f__Rhodospirillaceae;g__,0.028955086,0.022243714,0.029310345,0.035214806,0.021234036,0.001288537,0.000166113,0.0011272,0.000368121,6.87E-05,0,0,0,0,0,0,0,0,0.017947063,0.113392584,0.001740428,0.003064167,0,0,0,0,0,0,0,0,0.010936673,0.00800737,0.002730597,0.037083549,0,0,0.001279318,0,0,0,0,0.061340827,0,0,0.001170764,0,0.020765027,0,0.00159109,0,0,0,0,0,0,0.017578125,0,0,0,0,0
k__Bacteria;p__Proteobacteria;c__Alphaproteobacteria;o__Rickettsiales;Other;Other,0.001816206,0.002578981,0.00040568,0.000753706,0.00015387,0,0,0,0,0,0,0,0,0,0,0,0,0,0.000193673,0,0,0,0,0,0,0,0,0,0,0,0,0,0,0,0,0,0,0,0,0,0,0,0,0,0,0,0,0,0,0,0,0,0,0,0,0,0,0,0,0,0
k__Bacteria;p__Proteobacteria;c__Alphaproteobacteria;o__Rickettsiales;f__;g__,0.031069031,0.026434558,0.026389452,0.032534964,0.003539006,0.000143171,0,8.67E-05,0,6.87E-05,0.011411411,0,0,0.006464091,0.003465658,0.000829187,0.005627387,0.008738027,0.00697224,0.026356114,0.00497265,0.003785148,7.04E-05,0.012415655,0.013761468,0.000669456,0.000555453,0,0.020242357,0.049314053,0.012700653,0,0,0,0.054441261,0.000287315,0.003837953,0.032938076,0.00210498,0.025773196,0,0,0.000984802,0.006642821,0.000167252,0,0.011748634,0.008823529,0.000795545,0,0.000251004,0.002631579,0.007843137,0.003180449,0,0,0,0.009106431,0,0,0
k__Bacteria;p__Proteobacteria;c__Alphaproteobacteria;o__Rickettsiales;f__AEGEAN_112;g__,0,0,0,0,0,0,0,0,0,0,0,0,0,0,0,0,0,0,0,0,0,0,0,0,0,0.001338912,0.002777263,0.001006036,0.001032773,0.001297738,0,0,0,0,0.040114613,0,0,0,0,0.009965636,0,0,0,0.002043945,0,0,0,0,0,0,0,0.010526316,0,0,0,0,0,0,0,0,0
k__Bacteria;p__Proteobacteria;c__Alphaproteobacteria;o__Rickettsiales;f__Pelagibacteraceae;g__,0.344677177,0.374811949,0.337281947,0.418934763,0.344514541,0.010976425,0.005813953,0.01057834,0.000460151,0.003228909,0.031831832,0,0,0.064895404,0.002415459,0.020729685,0.118108126,0.12409679,0.316591349,0.328838492,0.08975634,0.131218457,0.002393186,0.029554656,0.070642202,0.008702929,0.071838548,0.002347418,0.021343982,0.068780126,0.178161933,0.001984127,0.001388439,0.00413681,0.217765043,0.000718288,0.141577825,0.098155468,0.038427087,0.112027491,0,0.022480931,0.019616193,0.021461421,0.01388192,0,0.336065574,0.086764706,0.005966587,0,0.015122992,0.044736842,0.096666667,0.065115501,0.029268293,0.19921875,0,0.100739898,0,0,0
k__Bacteria;p__Proteobacteria;c__Alphaproteobacteria;o__Rickettsiales;f__Rickettsiaceae;g__,0.00092299,0,0,0,0,0,0,0,0,0,0,0,0,0,0,0,0,0,0.000516462,0,0,0,0,0,0,0,0,0,0,0,0,0,0,0,0,0,0,0,0,0,0,0,0,0,0,0,0,0,0,0,0,0,0,0,0,0,0,0,0,0,0
k__Bacteria;p__Proteobacteria;c__Alphaproteobacteria;o__Rickettsiales;f__mitochondria;Other,0,0,0.002150101,0,0,0,0,0,0,0,0,0,0,0,0,0,0,0,0,0,0,0,0,0,0,0,0,0,0,0,0,0,0,0,0,0,0,0,0,0,0,0,0,0,0,0,0,0,0,0,0,0,0,0,0,0,0,0,0,0,0
k__Bacteria;p__Proteobacteria;c__Alphaproteobacteria;o__Rickettsiales;f__mitochondria;g__,0,0,0,0,0,0,0,0,0,0,0,0,0,0.003359291,0.004095778,0,0,0,0,0,0,0,0,0,0,0,0,0,0,0.003337041,0,0,0,0,0.008595989,0,0,0,0.001522752,0.003092784,0,0,7.98E-05,0.001532959,0,0,0,0,0,0,0,0.013157895,0,0,0,0,0,0,0,0,0
k__Bacteria;p__Proteobacteria;c__Alphaproteobacteria;o__Sphingomonadales;f__;g__,0.011209861,0.013002364,0.024097363,0.004061636,0.002769657,0.00133626,0.001245847,0.006979971,0.004325419,0,0,0,0,0,0,0,0,0,0.000451904,0.00858106,0,0,0,0,0,0,0,0,0,0,0.005732933,0.000496032,0.001388439,0.000295486,0,0,0,0,0,0,0,0.001284625,0,0,0,0,0.021311475,0,0.00477327,0,0,0,0,0,0,0,0,0,0,0,0
k__Bacteria;p__Proteobacteria;c__Alphaproteobacteria;o__Sphingomonadales;f__Erythrobacteraceae;g__,0.001339824,0.003546099,0.000385396,0.000125618,0.000923219,0,0,0,0,0.000687002,0,0,0,0,0,0,0,0,0,0.000612933,0,0,0,0,0,0,0,0,0,0,0.000264597,0,0,0,0,0,0,0,0,0,0,0,0,0,0,0,0,0,0,0,0,0,0,0,0,0,0,0,0,0,0
k__Bacteria;p__Proteobacteria;c__Alphaproteobacteria;o__Sphingomonadales;f__Sphingomonadaceae;g__,0,0,0.000344828,0.00016749,0.000769349,0.000143171,0,0,0,0,0,0,0,0,0,0,0,0,0,0.001532332,0,0,0,0,0,0,0,0,0,0,0,0,0,0,0,0,0,0,0,0,0,0,0,0,0,0,0,0,0.000397772,0,0,0,0,0,0,0,0,0,0,0,0
k__Bacteria;p__Proteobacteria;c__Alphaproteobacteria;o__Sphingomonadales;f__Sphingomonadaceae;g__Blastomonas,0,0,0,0,0,0,0,0,0,0,0.001801802,0,0.005142269,0,0,0.001658375,0,0,0,0,0.000745898,0,0,0.018623482,0.00733945,0.000167364,0,0,0,0,0,0,0,0,0,0,0,0,0.000671802,0,0,0,2.66E-05,0,0,0,0,0,0,0,0,0,0,0.000669568,0,0,0,0,0,0,0
k__Bacteria;p__Proteobacteria;c__Alphaproteobacteria;o__Sphingomonadales;f__Sphingomonadaceae;g__Sphingomonas,0.000104209,0,0.000162272,0.000251235,0.00015387,0.000286342,0,0,0,0,0,0,0,0,0,0,0,0,0,0,0,0,0,0,0,0,0,0,0,0,0,0.000141723,0,0.000221615,0,0,0,0,0,0,0.008130081,0.000160578,0,0,0,0,0.002459016,0,0,0,0,0,0,0,0,0,0,0,0,0,0
k__Bacteria;p__Proteobacteria;c__Betaproteobacteria;o__;f__;g__,0,0,0,0,0,0,0,0,0,0,0,0.012844037,0.005485087,0,0,0,0,8.40E-05,0,0,0,0,0,0,0,0.002259414,0.00610998,0.000335345,0.001996695,0.003337041,0,0,0,0,0,0,0,0,0.000358295,0.001030928,0,0,2.66E-05,0.002554931,0,0,0,0,0,0,0,0,0.000196078,0,0,0,0,0,0,0,0
k__Bacteria;p__Proteobacteria;c__Betaproteobacteria;o__Burkholderiales;f__Burkholderiaceae;g__Lautropia,0.000163756,0,0.000547667,0,0,0,0,0,0,0,0,0,0,0,0,0,0,0,0,0,0,0,0,0,0,0,0,0,0,0,0,0,0,0,0,0,0,0,0,0,0,0,0,0,0,0,0,0,0,0,0,0,0,0,0,0,0,0,0,0,0
k__Bacteria;p__Proteobacteria;c__Betaproteobacteria;o__Burkholderiales;f__Comamonadaceae;g__RS62,0,0,0,0,0,0,0,0,0,0,0,0,0,0,0,0.007462687,0.003148657,0.001092253,0,0,0.000248633,0.000180245,0.000140776,0,0,0,0,0,6.89E-05,0,0,0,0,0,0,0,0,0,0.000313508,0,0,0,0.00042586,0,0,0,0,0,0,0,0.000188253,0,0.000392157,0.002008704,0,0,0,0,0,0,0
k__Bacteria;p__Proteobacteria;c__Betaproteobacteria;o__Burkholderiales;f__Comamonadaceae;g__Variovorax,0.000357286,0,2.03E-05,8.37E-05,0,0,0,0,0,0,0,0,0,0,0,0,0,0,0,0.007355195,0,0,0,0,0,0,0,0,0,0,0,0,0,0,0,0,0,0,0,0,0,0,0,0,0,0,0.001912568,0,0,0,0,0,0,0,0,0,0,0,0,0,0
k__Bacteria;p__Proteobacteria;c__Betaproteobacteria;o__Burkholderiales;f__Oxalobacteraceae;g__,0,0,0,0,0,0,0,0,0,0,0,0,0,0,0,0,0,0,0,0.010726325,0.006713078,0,0.00161892,0.000134953,0.000917431,0,0,0,0,0,0,0,0,0,0,0,0,0,0,0,0,0,0,0,0,0,0,0,0,0,0,0,0,0,0,0,0,0,0,0,0
k__Bacteria;p__Proteobacteria;c__Betaproteobacteria;o__Burkholderiales;f__Oxalobacteraceae;g__Janthinobacterium,0,0,0,0,0,0,0,0,0,0,0,0,0,0,0,0,0,0,0,0.009806926,0,0,0,0,0,0,0,0,0,0,0,0,0,0,0,0,0,0,0,0,0,0,0,0,0,0,0,0,0,0,0,0,0,0,0,0,0,0,0,0,0
k__Bacteria;p__Proteobacteria;c__Betaproteobacteria;o__MWH-UniP1;f__;g__,0,0,0,0,0,0,0,0,0,0,0,0,0,0,0,0,0,0,0,0,0,0,0,0,0,0.000334728,0.000185151,0,0.000757367,0.001112347,0,0,0,0,0,0,0,0,0,0.002061856,0,0,0,0.000510986,0,0,0,0,0,0,0,0.018421053,0,0,0,0,0,0,0,0,0
k__Bacteria;p__Proteobacteria;c__Betaproteobacteria;o__Methylophilales;f__Methylophilaceae;g__,0.007145728,0,0.00326572,0,0.009847669,0,0,0,0,0,0.000840841,0,0,0.01023057,0.00042008,0.004145937,0.013331547,0.014031255,0.014267269,0,0.004724018,0.005948089,0.001548532,0.000134953,0,0.010376569,0.00833179,0.002347418,0.019140733,0.007971821,0.006791321,0,0,0,0,0,0.007249467,0,0.011465425,0.002061856,0,0,0.005509569,0.000510986,0.001003512,0,0.020765027,0,0,0,0.005208333,0,0.015882353,0.014228323,0,0,0.002306805,0.006829824,0,0,0
k__Bacteria;p__Proteobacteria;c__Betaproteobacteria;o__Methylophilales;f__Methylophilaceae;g__Methylotenera,0.000357286,0.00042983,0.000750507,0.000209363,0,0,0,0,0,0,0,0,0.001028454,0.000203593,0,0.016583748,0.000200978,0.000336078,0,0,0,0,0.000351939,0,0.000917431,0,0,0,0,0,0,0,0,0,0,0,0,0,0,0,0,0,2.66E-05,0,0,0,0.000546448,0,0,0,0,0,0,0.000167392,0,0,0,0,0,0,0
k__Bacteria;p__Proteobacteria;c__Betaproteobacteria;o__Nitrosomonadales;f__Nitrosomonadaceae;g__,0,0,0,0,0,0,0,0,0,0,0,0.020183486,0.025711347,0.001068865,0,0,0.000334963,0,0,0,0,0,7.04E-05,0,0,8.37E-05,0,0,0,0,0,0,0,0,0,0,0,0,0.001477965,0,0,0,2.66E-05,0,0,0,0,0,0,0,0,0,0.000980392,0.000334784,0,0,0,0,0,0,0
k__Bacteria;p__Proteobacteria;c__Betaproteobacteria;o__Rhodocyclales;f__Rhodocyclaceae;g__,0.014455213,0.003331184,0.012454361,0.000795578,0.017233421,0,0,0.0005636,0.000552181,0,0,0,0,0,0,0,0,0,0.016591349,0.005516396,0,0,0,0,0,0,0,0,0,0,0.031310637,0,0,0,0,0,0,0,0,0,0,0.000321156,0,0,0,0,0.015027322,0,0.000397772,0,0,0,0,0,0,0.001953125,0,0,0,0,0
k__Bacteria;p__Proteobacteria;c__Deltaproteobacteria;o__;f__;g__,0,0,0,0,0,0,0,0,0,0,0,0,0,0,0,0,0,0,0,0,0,0,0,0,0,0,0,0,0,0,0.000176398,0.000496032,0.001110751,0.000221615,0,0,0,0,0,0,0,0,0,0,0,0,0,0,0,0,0,0,0,0,0,0,0,0,0,0,0
k__Bacteria;p__Proteobacteria;c__Deltaproteobacteria;o__Bdellovibrionales;f__Bacteriovoracaceae;g__,0.000476382,0,0.000709939,0.001507411,0.000461609,0,0,0,0,0,0,0,0,0,0,0,0,0,0.000387347,0.000919399,0,0,0,0,0,0,0,0,0,0,0,0,0,0,0,0,0,0,0,0,0,0,0,0,0,0,0,0,0,0,0,0,0,0,0,0,0,0,0,0,0
k__Bacteria;p__Proteobacteria;c__Deltaproteobacteria;o__Desulfarculales;f__Desulfarculaceae;g__,0,0,0,0,0,4.77E-05,8.31E-05,0.001343969,0,0.000206101,0,0,0,0,0,0,0,0,0,0,0,0,0,0,0,0,0,0,0,0,0.00255777,0.004251701,0.0064331,0.001772919,0,0,0,0,0,0,0,0,0,0,0,0,0,0,0.000795545,0,0,0,0,0,0,0,0,0,0,0,0
k__Bacteria;p__Proteobacteria;c__Deltaproteobacteria;o__Desulfobacterales;f__Desulfobacteraceae;g__,0,0,0,0,0,0.067385702,0.06154485,0.091650048,0.057058715,0.063959879,0,0,0,0,0,0,0,0,0,0.000306466,0,0,0,0,0,0,0,0,0,0,0.056976539,0.102678571,0.15476466,0.074610327,0,0,0,0.000658762,0,0,0.008130081,0.011160177,0,0,0,0,0,0,0.068416866,0,0,0,0,0,0,0.000976563,0,0,0,0,0
k__Bacteria;p__Proteobacteria;c__Deltaproteobacteria;o__Desulfobacterales;f__Desulfobacteraceae;g__Desulfococcus,0,0,0,0,0,0.003436098,0.000747508,0.004422093,0.000828272,0.000961803,0,0,0,0,0,0,0,0,6.46E-05,0,0,0,0,0,0,0,0,0,0,0,0.044716881,0.093891723,0.115656963,0.04173746,0,0,0.00021322,0,0,0,0.008130081,0.010678442,0,0,0,0,0,0,0.000397772,0,0,0,0,0,0,0,0,0,0,0,0
k__Bacteria;p__Proteobacteria;c__Deltaproteobacteria;o__Desulfobacterales;f__Desulfobulbaceae;g__,0,0,2.03E-05,0,0,0.05364131,0.038122924,0.047949363,0.053377508,0.058807365,0,0,0,0,0,0,0,0,0.000193673,0,0,0,0,0,0,0,0,0,0,0,0,0,0,0,0,0,0,0,0,0,0,0,0,0,0,0,0,0,0.039777247,0,0,0,0,0,0,0,0,0,0,0,0
k__Bacteria;p__Proteobacteria;c__Deltaproteobacteria;o__Desulfobacterales;f__Nitrospinaceae;g__Nitrospina,0.017119974,0.016333548,0.016288032,0.012896742,0.020926296,0,0,0.000303477,0,0,0,0,0,0.000101797,0,0,0,0,0.017947063,0.015016856,0.001243163,0.001982696,0,0,0,0,0,0,0,0,0.008819898,0.000708617,9.26E-05,0.004284553,0,0,0.002985075,0,0.000403081,0,0,0.00923324,0,0,0.000334504,0,0.020218579,0,0,0,0,0,0,0,0,0.009765625,0,0,0,0,0
k__Bacteria;p__Proteobacteria;c__Deltaproteobacteria;o__Desulfovibrionales;f__Desulfohalobiaceae;g__,0,0,0,0,0,0.041376348,0.039784053,0.039191884,0.033498988,0.043899423,0,0,0,0,0,0,0,0,6.46E-05,0,0,0,0,0,0,0,0,0,0,0,0,0,0,0,0,0,0,0,0,0,0,0,0,0,0,0,0,0,0.032617343,0,0,0,0,0,0,0,0,0,0,0,0
k__Bacteria;p__Proteobacteria;c__Deltaproteobacteria;o__IndB3-24;f__;g__,0,0,0,0,0,0,0.000166113,0.000390185,0.00018406,0,0,0,0,0,0,0,0,0,0,0,0,0,0,0,0,0,0,0,0,0,0.000352796,0.00085034,0.000323969,0.000369358,0,0,0,0,0,0,0,0,0,0,0,0,0,0,0,0,0,0,0,0,0,0,0,0,0,0,0
k__Bacteria;p__Proteobacteria;c__Deltaproteobacteria;o__Myxococcales;f__;g__,0,0,0,0,0,0.000238618,0,8.67E-05,0,6.87E-05,0,0.001834862,0.006170723,0,0,0,0,0,0,0,0,0,0,0,0,0.005020921,0.001481207,0.004694836,0.001583586,0.001112347,0.000529194,0.00127551,0.001110751,0.001772919,0,0,0,0,0,0.001030928,0,0,0,0.002554931,0,0,0,0,0,0,0,0,0,0,0,0,0,0,0,0,0
k__Bacteria;p__Proteobacteria;c__Deltaproteobacteria;o__Myxococcales;f__Cystobacterineae;g__,0.000372173,0.00042983,0.000791075,0.00033498,0.000461609,0,0,0,0,0,0,0,0,0,0,0,0,0,0.000193673,0,0,0,0,0,0,0,0,0,0,0,0,0,0,0,0,0,0,0,0,0,0,0,0,0,0,0,0,0,0,0,0,0,0,0,0,0,0,0,0,0,0
k__Bacteria;p__Proteobacteria;c__Deltaproteobacteria;o__Myxococcales;f__OM27;g__,0.00150358,0.001826778,0.001196755,0.003810401,0.003077397,0,0,0,0,0,0,0,0,0,0,0,0,0,0.001291156,0.000306466,0,0,0,0,0,0.006527197,0.004813923,0.007042254,0.005852382,0.006859473,0,0,0,0,0,0,0,0,0,0.003092784,0,0.000160578,0,0.000510986,0,0,0,0,0,0,0,0.010526316,0,0,0,0,0,0,0,0,0
k__Bacteria;p__Proteobacteria;c__Deltaproteobacteria;o__NB1-j;f__JTB38;g__,0.003200691,0.006554911,0.003042596,0.006573989,0.000769349,9.54E-05,8.31E-05,4.34E-05,0,0,0.000720721,0,0,0,0,0,0,0,0.001032924,0.001838799,0.001740428,0.002883922,0,0.000539811,0.000917431,0,0,0,0,0,0.000352796,0,4.63E-05,0,0,0.000143658,0.00021322,0.007246377,0,0,0,0,0,0,0.000167252,0.001420455,0.001639344,0,0,0,0,0,0,0,0,0,0,0,0,0,0
k__Bacteria;p__Proteobacteria;c__Deltaproteobacteria;o__Spirobacillales;f__;g__,0.000878329,0,0.000365112,0.000711833,0.002154178,0,0,0,0,0,0,0,0,0,0,0,0,0,0.002840542,0,0,0.005948089,0,0,0,0.000167364,0.001481207,0,0.00130818,0.000741565,0.006703122,0,0,0,0,0,0.010021322,0,0,0.000343643,0,0,0,0,0.000334504,0,0.000546448,0,0,0,0,0.015789474,0,0,0,0.000976563,0,0,0,0,0
k__Bacteria;p__Proteobacteria;c__Deltaproteobacteria;o__Sva0853;f__JTB36;g__,0,0,0,0,0,0,0,8.67E-05,0,0,0,0,0,0,0,0,0,0,0,0,0,0,0,0,0,0,0,0,0,0,0.00176398,0.004676871,0.005414912,0.00413681,0,0,0,0,0,0,0,0.000642312,0,0,0,0,0,0,0,0,0,0,0,0,0,0,0,0,0,0,0
k__Bacteria;p__Proteobacteria;c__Deltaproteobacteria;o__Sva0853;f__S25_1238;g__,0,0,0,0,0,0,0,0,0,0,0,0,0,0,0,0,0,0,0,0,0,0,0,0,0,0.001589958,0.01240511,0,0.000206555,0.009640341,0,0,0,0,0.011461318,0,0,0,0,0.00652921,0,0,0,0,0,0,0,0,0,0,0,0.005263158,0,0,0,0,0,0,0,0,0
k__Bacteria;p__Proteobacteria;c__Deltaproteobacteria;o__Sva0853;f__SAR324;g__,0.157980141,0.209972061,0.159878296,0.1889289,0.244191414,0.000143171,0,0.0016908,0,0.000343501,0.053333333,0,0,0.012266504,0.00021004,0,0.003416628,0.001092253,0.235829567,0.149555624,0.127548483,0.16149964,0.000140776,0.065587045,0.158715596,0,0,0,6.89E-05,0,0.113335685,0.001204649,0.000185125,0.008938465,0,0,0.143283582,0.219367589,0.001522752,0.001030928,0,0.119871538,0.000159698,0,0.005853822,0,0.168579235,0.198529412,0.00318218,0.028169014,0,0,0.002941176,0.00083696,0,0.276367188,0,0,0,0,0
k__Bacteria;p__Proteobacteria;c__Deltaproteobacteria;o__Syntrophobacterales;f__Syntrophobacteraceae;g__,0.000267965,0.000214915,0.00010142,0.000293108,0.000769349,9.54E-05,0,0,0,0.0001374,0,0,0.000685636,5.09E-05,0.00010502,0,0,0,0.000387347,0.000306466,0,0.000540735,0,0,0,0.003430962,0.001110905,0.001341382,0.000550812,0.000741565,0.000176398,0,0,0,0,0,0,0,0.000179147,0.000343643,0,0,2.66E-05,0.000510986,0,0,0.000546448,0,0,0,0,0,0,0,0,0,0,0,0,0,0
k__Bacteria;p__Proteobacteria;c__Deltaproteobacteria;o__[Entotheonellales];f__;g__,0.000267965,0.000644745,0.000446247,0.000251235,0,0,0,0,0,0,0,0,0,0,0,0,0,0,0.000258231,0.000919399,0,0,0,0,0,0,0,0,0,0,0.000176398,0,0,0,0,0,0,0,0,0,0,0,0,0,0,0,0,0,0,0,0,0,0,0,0,0,0,0,0,0,0
k__Bacteria;p__Proteobacteria;c__Epsilonproteobacteria;o__Campylobacterales;f__Campylobacteraceae;g__Arcobacter,0,0,0.000385396,0.001800519,0,0,0.000747508,0.002124339,0,0,0.008408408,0.009174312,0.007541995,0,0,0,0,0,0.001549387,0,0,0,0,0.008906883,0.009174312,0,0,0,0,0,0.000617393,0.000212585,9.26E-05,0.000147743,0,0,0,0,0,0,0,0.000562023,0,0,0,0,0,0,0,0.056338028,0,0,0,0,0,0,0,0,0,0,0
k__Bacteria;p__Proteobacteria;c__Epsilonproteobacteria;o__Campylobacterales;f__Helicobacteraceae;g__,0.003632412,0,0.002028398,0,0.000461609,0,0,0,0,0,0,0,0.001028454,0,0,0,0,0,0.000645578,0,0,0,0,0,0,0.001171548,0.001666358,0.000335345,0.000550812,0,0,0,0,0,0,0,0,0,0,0,0,0,0,0,0,0,0,0,0,0,0,0,0,0,0,0,0,0,0,0,0
k__Bacteria;p__Proteobacteria;c__Epsilonproteobacteria;o__Campylobacterales;f__Helicobacteraceae;g__Sulfurimonas,0.001592902,0,0.000446247,0,0,0,0,0.001040492,0,0,0,0,0,0,0,0,0,0,0.001549387,0,0,0,0,0,0,0,0,0,0,0,0.00176398,0.00127551,0.000786782,0.000664845,0,0,0,0,0,0,0,0,0,0,0,0,0.003825137,0,0,0,0,0,0,0,0,0,0,0,0,0,0
k__Bacteria;p__Proteobacteria;c__Gammaproteobacteria;Other;Other;Other,0.035401128,0.017837954,0.033448276,0.025751612,0.030312356,0.003531545,0.00589701,0.007283447,0.001840604,0.001511404,0,0,0,0,0,0,0,0,0.053324726,0.027888446,0,0,0,0,0,0.001422594,0.000555453,0.002682763,0.00130818,0.001112347,0.038895749,0.00212585,0.000925626,0.00502327,0,0,0,0,0,0.005841924,0,0.021999197,0,0.002554931,0,0,0.018032787,0,0.005171042,0,0,0,0,0,0,0.061523438,0,0,0,0,0
k__Bacteria;p__Proteobacteria;c__Gammaproteobacteria;o__;f__;g__,0.030428893,0.005372878,0.027505071,0.005359685,0.007693491,9.54E-05,0,0,0,0,0.003963964,0,0,0,0,0,0,0,0.016591349,0.00520993,0,0,0,0.000809717,0.002752294,0,0,0,0,0,0.015346622,0,0,0,0,0,0,0.005928854,0,0,0,0,0,0,0,0,0.022131148,0,0,0,0,0,0,0,0,0.000976563,0,0,0,0,0
k__Bacteria;p__Proteobacteria;c__Gammaproteobacteria;o__Alteromonadales;f__;g__,0,0,0,0,0,0,0,0,0,0,0,0,0,0,0,0,0,0,0,0,0,0,0,0,0,0.001757322,0.000370302,0.002012072,0.000137703,0,0,0,0,0,0,0,0,0,0,0,0,0,0,0.000510986,0,0,0,0,0,0,0,0,0,0,0,0,0,0,0,0,0
k__Bacteria;p__Proteobacteria;c__Gammaproteobacteria;o__Alteromonadales;f__Alteromonadaceae;Other,0,0,0,0,0,0,0,0,0,0,0.000600601,0,0,0,0,0,0,0,0,0,0.003232223,0.004866619,0,0.001349528,0,0,0,0,0,0,0,0,0,0,0,0.000287315,0.003198294,0,0,0,0,0,0,0,0.001170764,0,0,0,0,0,0,0,0,0,0,0,0,0,0,0,0
k__Bacteria;p__Proteobacteria;c__Gammaproteobacteria;o__Alteromonadales;f__Alteromonadaceae;g__,0.008187814,0.002578981,0.002454361,0.001423666,0.000615479,0.000524959,0,0.0005636,0,0.000206101,0.00048048,0.003669725,0.009598903,0,0,0.000829187,0.000200978,0.000168039,6.46E-05,0.002758198,0.017155644,0.007930786,0.000774266,0.013495277,0.005504587,0,0,0,0,0,0.000705592,0.000212585,0.000185125,0.000664845,0,0.094670306,0.002558635,0.005928854,0.000627015,0,0,0,0,0,0.005853822,0,0.001639344,0,0,0,0,0,0.000196078,0,0,0,0,0,0.004754358,0,0
k__Bacteria;p__Proteobacteria;c__Gammaproteobacteria;o__Alteromonadales;f__Alteromonadaceae;g__Alteromonas,0.003066708,0.001719321,0.000791075,0.000544343,0,4.77E-05,0,8.67E-05,0,0,0.00012012,0,0,0,0.001680319,0,6.70E-05,0,0.000387347,0.000919399,0.000497265,0.001081471,0,0.001214575,0,0,0,0,0,0.036707453,0.000705592,0,9.26E-05,0,0,0.000430973,0.00021322,0.002635046,0,0.000687285,0,0,0,0.024527338,0.00167252,0,0.001092896,0,0,0,0,0.023684211,0,0,0,0,0,0,0,0,0
k__Bacteria;p__Proteobacteria;c__Gammaproteobacteria;o__Alteromonadales;f__Alteromonadaceae;g__BD2-13,0,0,0,0,0,0,0,0,0,0,0.007567568,0,0.004113816,0,0,0,0,0,0,0,0,0.003965393,0,0.000674764,0,0,0,0,0,0,0,0,0,0,0,0,0.013219616,0,0,0,0,0,0,0,0,0,0,0,0,0,0,0,0,0,0,0,0,0,0,0,0
k__Bacteria;p__Proteobacteria;c__Gammaproteobacteria;o__Alteromonadales;f__Alteromonadaceae;g__CandidatusEndobugula,0,0,0,0,0,0,0,0,0,0,0,0,0,0,0,0,0,8.40E-05,0,0,0.012182994,0,0.000422327,0.005263158,0,0,0,0,0,0,0,0,0,0,0,0,0,0,0,0,0,0,0,0,0.000501756,0,0,0,0,0.014084507,0,0,0,0,0,0,0,0,0.009508716,0,0
k__Bacteria;p__Proteobacteria;c__Gammaproteobacteria;o__Alteromonadales;f__Alteromonadaceae;g__Glaciecola,0,0,0,0,0,0,0,0,0,0,0,0,0,0,0,0,0.000133985,0.000336078,0,0,0.017155644,0.000720981,0.000140776,0.008636977,0,0,0,0,0,0,0,0,0,0,0,0,0,0.000658762,0,0,0,0,0,0,0,0,0,0,0,0,0,0,0.000588235,0,0,0,0,0,0.004754358,0,0
k__Bacteria;p__Proteobacteria;c__Gammaproteobacteria;o__Alteromonadales;f__Alteromonadaceae;g__HB2-32-21,0.001042085,0,0.000689655,0.00016749,0,0,0,0,0,0,0,0,0,0,0,0,0,0,0.000774693,0.000612933,0,0,0,0,0,0,0,0,0,0,0.000264597,0,0,0,0,0,0,0,0,0,0,0,0,0,0,0,0.000546448,0,0,0,0,0,0,0,0,0,0,0,0,0,0
k__Bacteria;p__Proteobacteria;c__Gammaproteobacteria;o__Alteromonadales;f__Alteromonadaceae;g__HTCC2207,0,0,0,0,0,0,0,0,0,0,0.012132132,0,0,0.044943248,0.006511237,0.015754561,0.041267502,0.040833473,0,0,0.00099453,0.001622206,0.000281551,0.000809717,0.000917431,0.000334728,0.000185151,0,6.89E-05,0,0,0,0,0,0,0,0,0,0.023378717,0,0,0,0.006946847,0,0.000334504,0,0,0,0,0,0.002886546,0,0.023333333,0.028624037,0,0,0.00461361,0.038133182,0,0,0
k__Bacteria;p__Proteobacteria;c__Gammaproteobacteria;o__Alteromonadales;f__Alteromonadaceae;g__Marinobacter,0.00145892,0.003116269,0.004239351,0,0,0.000143171,0.000166113,0.000433539,0,0,0,0,0,0,0,0,0,0,0.000903809,0.001838799,0,0,0,0,0,0,0,0,0,0,0.000352796,0,0,0.000147743,0,0,0,0,0,0,0,0.000160578,0,0,0,0,0.002185792,0,0.000397772,0,0,0,0,0,0,0,0,0,0,0,0
k__Bacteria;p__Proteobacteria;c__Gammaproteobacteria;o__Alteromonadales;f__Alteromonadaceae;g__ZD0117,0,0,0,0,0,0,0,0,0,0,0,0,0,0.000254492,0,0.001658375,0.002344744,0.002604604,0,0,0,0,0.000492715,0,0,0,0,0,6.89E-05,0,0,0,0,0,0,0,0,0,0.000627015,0,0,0,0.000319395,0,0,0,0,0,0,0,0.000878514,0,0.000784314,0.00083696,0,0,0,0.00284576,0,0,0
k__Bacteria;p__Proteobacteria;c__Gammaproteobacteria;o__Alteromonadales;f__Colwelliaceae;g__,0,0,0,0,0,0.000143171,0,0,0,0,0.05033033,0.233027523,0.038052794,0.000101797,0.001680319,0,0.000669927,0.000252058,0,0,0.074092491,0.0407354,0.003097065,0.14534413,0.056880734,0,0,0,0.000137703,0,0,0,0,0,0,0.548053441,0.028997868,0.018445323,0.000223934,0,0,0,2.66E-05,0,0.725539388,0.923295455,0,0.019117647,0,0.14084507,0,0,0.001176471,0.000669568,0.12195122,0,0.020761246,0,0.001584786,0,0.391304348
k__Bacteria;p__Proteobacteria;c__Gammaproteobacteria;o__Alteromonadales;f__HTCC2188;g__HTCC,0.000297739,0,0.000446247,0.00033498,0.00030774,0,0,0,0,0,0.010810811,0.001834862,0.005827905,0.014149743,0.002100399,0.000829187,0.007838146,0.008569988,0.000645578,0,0.015415216,0.013878875,0.000774266,0.019568151,0.021100917,0.00167364,0.005924829,0,0.002822914,0.00945495,0.001234786,0,0,0,0.00286533,0,0.011727079,0.019104084,0.009360444,0.002061856,0,0.000160578,0.006547603,0,0.002843285,0,0,0.055882353,0,0,0.000753012,0.013157895,0.012941176,0.012052226,0.009756098,0,0,0.004553216,0,0,0
k__Bacteria;p__Proteobacteria;c__Gammaproteobacteria;o__Alteromonadales;f__Idiomarinaceae;g__Pseudidiomarina,0.000163756,0,0.000243408,0,0,0,0,0.000130062,0,0,0,0,0,0,0,0,0,0,0.000193673,0.000306466,0,0,0,0,0,0,0,0,0,0,8.82E-05,0,0,0.000147743,0,0,0,0,0,0,0,8.03E-05,0,0,0,0,0.000546448,0,0,0,0,0,0,0,0,0,0,0,0,0,0
k__Bacteria;p__Proteobacteria;c__Gammaproteobacteria;o__Alteromonadales;f__Moritellaceae;g__Moritella,0,0,0,0,0,0,0,0,0,0,0.008528529,0.055045872,0.082276311,5.09E-05,0.001365259,0,0.000133985,8.40E-05,0,0,0.018150174,0.004506128,0.086999367,0.057489879,0.052293578,0,0,0,0,0,0,0,0,0,0,0.000287315,0.008528785,0.005270092,0.000627015,0,0,0,5.32E-05,0,0.007860846,0.026988636,0,0.001470588,0,0.084507042,0,0,0,0,0.004878049,0,0,0,0,0,0
k__Bacteria;p__Proteobacteria;c__Gammaproteobacteria;o__Alteromonadales;f__OM60;g__,0,0,0,0,0,0,0,0,0,0,0.000840841,0.03853211,0.070620501,0.007380262,0.04452846,0.00331675,0.001272861,0.001260292,0,0,0.004226753,0.001441961,0,0.00148448,0.00733945,0.08251046,0.051842251,0.093561368,0.019760397,0.016129032,0,0,0,0,0.005730659,0.000430973,0.002132196,0,0.040128986,0.018556701,0,0,0.142716457,0.035769034,0.061046998,0.002840909,0,0.001470588,0,0.028169014,0.21623996,0.007894737,0.036862745,0.060261132,0.053658537,0,0.117647059,0,0,0,0.086956522
k__Bacteria;p__Proteobacteria;c__Gammaproteobacteria;o__Alteromonadales;f__OM60;g__Congregibacter,0,0,0,0,0,0,0,0,0,0,0,0,0,0,0,0,0,0,0,0,0,0,0,0,0,0.00083682,0.000370302,0.002347418,0.004957312,0.002410085,0,0,0,0,0,0,0,0,0,0.002061856,0,0,0,0.002554931,0,0,0,0,0,0,0,0,0,0,0,0,0,0,0,0,0
k__Bacteria;p__Proteobacteria;c__Gammaproteobacteria;o__Alteromonadales;f__Psychromonadaceae;g__Psychromonas,1.49E-05,0.000214915,0.000446247,0.000209363,0,0.000143171,0,4.34E-05,0,0,0.00012012,0.146788991,0.043880699,0,0,0,0,0,0.000129116,0.000306466,0.000248633,0.000180245,0,0.002564103,0.000917431,0.000251046,0,0,0,0,0,0,4.63E-05,0,0,0,0,0,0,0.000343643,0,0,0,0,0,0,0,0,0,0.014084507,0,0,0,0,0,0,0,0,0,0,0
k__Bacteria;p__Proteobacteria;c__Gammaproteobacteria;o__Alteromonadales;f__Shewanellaceae;g__Shewanella,0,0,0,0,0,0,0,0,0,0,0.00036036,0,0.011655811,0,0,0,0.000468949,0.000504117,0,0,0.001243163,0.001802451,0.000703878,0.002159244,0.011009174,0.00041841,0,0,0,0,0,0,0,0,0.008595989,0.003878753,0,0,0.00013436,0.001718213,0,0,0,0.001021972,0.003846797,0,0,0,0,0.014084507,0,0,0.000392157,0,0,0,0,0,0,0,0
k__Bacteria;p__Proteobacteria;c__Gammaproteobacteria;o__Chromatiales;f__;g__,0.003051821,0.002149151,0.005212982,0.006615861,0.01754116,0,0.000498339,0,0,0,0,0.022018349,0.027425437,0.000661679,0,0,0.000267971,0,0.015429309,0.00429053,0.014420686,0.014960346,0,0.001079622,0.000917431,0.00292887,0,0.003688799,0.000206555,0.000370782,0.004762745,0,0,0,0,0,0.009808102,0.0085639,0.002060193,0.002749141,0,0,2.66E-05,0.003576903,0.002508781,0,0.000819672,0.005882353,0,0.056338028,0,0,0,0,0,0.001953125,0,0,0,0,0
k__Bacteria;p__Proteobacteria;c__Gammaproteobacteria;o__Enterobacteriales;f__Enterobacteriaceae;g__,2.98E-05,0.001611863,0.000243408,0.000460598,0,0,0,0,0,0,0,0,0,0,0,0,0,0,0,0.000612933,0,0,0,0,0,0,0,0,0,0,8.82E-05,0,0,0,0,0,0,0,0,0,0.008130081,0,0,0,0,0,0,0,0,0,0,0,0,0,0,0,0,0,0,0,0
k__Bacteria;p__Proteobacteria;c__Gammaproteobacteria;o__HTCC2188;f__HTCC2089;g__,0,0,0,0,0,0,0,0,0,0,0.00012012,0.001834862,0.011655811,0,0,0.001658375,0.00174181,0.002016468,0,0,0,0.00036049,0.000140776,0,0,0.007280335,0.010738752,0.003018109,0.00488846,0.015572859,0,0,0,0,0.00286533,0,0.00021322,0,0,0.002405498,0,0,0.00042586,0.001532959,0,0,0,0,0,0,0.000313755,0,0.000980392,0.00167392,0,0,0,0.000569152,0,0,0
k__Bacteria;p__Proteobacteria;c__Gammaproteobacteria;o__Legionellales;f__Coxiellaceae;g__,0.000416834,0,0.00020284,0.00016749,0.00015387,0,0,0,0,0,0,0,0,0,0,0,0,0,0.000387347,0,0,0,0,0,0,0.007029289,0.005184225,0.006706908,0.017144037,0.007230256,0,0,0,7.39E-05,0.00286533,0,0,0,0,0.004467354,0,0,0,0.004598876,0,0,0.005737705,0,0,0,0,0.002631579,0,0,0,0,0,0,0,0,0
k__Bacteria;p__Proteobacteria;c__Gammaproteobacteria;o__Legionellales;f__Endoecteinascidiaceae;g__,0.000714573,0,0,0.000125618,0.000461609,0,0,0.000173415,0,0,0,0,0,0,0,0,0,0,0.001097482,0,0,0,0,0,0,0,0,0,0,0,0,0,0,0,0,0,0,0,0,0,0,0.000240867,0,0,0,0,0,0,0,0,0,0,0,0,0,0.001953125,0,0,0,0,0
k__Bacteria;p__Proteobacteria;c__Gammaproteobacteria;o__Legionellales;f__Francisellaceae;g__,0,0,0.000385396,0.00033498,0.001384828,0,0,0,0,0,0,0,0,0,0,0,0,0,0.000387347,0,0.00198906,0.003244412,0,0,0,0,0,0,0,0,0,0,0,0,0,0,0.00021322,0,0,0,0,0,0,0,0.000167252,0,0.00273224,0.010294118,0,0,0,0,0,0,0,0.001953125,0,0,0,0,0
k__Bacteria;p__Proteobacteria;c__Gammaproteobacteria;o__Legionellales;f__Legionellaceae;g__,0,0,0,0,0,0,0,0,0,0,0,0,0,0,0,0,0,0,0,0,0,0,0.000140776,0,0,8.37E-05,0,0,0,0,0,0,0,0,0,0,0,0,0.000358295,0,0,0,0.002581778,0,0,0,0,0,0,0,0.001129518,0,0,0,0,0,0,0,0,0,0
k__Bacteria;p__Proteobacteria;c__Gammaproteobacteria;o__Methylococcales;f__;g__,0.012653894,0.005372878,0.012190669,0.003810401,0.011694107,0.000477236,0,0.000346831,0,0.000206101,0.020540541,0,0,0,0,0,0,0,0.026468689,0.005822862,0,0,0,0,0.001834862,0,0,0,0,0,0.014817428,0.000212585,9.26E-05,0.002954864,0,0,0,0.079710145,0,0,0,0.013488559,0,0,0.00167252,0,0.009016393,0,0,0,0,0,0,0,0,0.002929688,0,0.000569152,0,0,0
k__Bacteria;p__Proteobacteria;c__Gammaproteobacteria;o__Oceanospirillales;Other;Other,0.031545413,0.005587793,0.014036511,0.004522234,0.058008924,0.000524959,0,0.000953785,9.20E-05,0.000206101,0,0,0.000342818,0,0,0,0,0,0.066365397,0.005516396,0,0,0,0,0,0,0,0,0,0,0.063062268,0,0,0.000147743,0,0,0,0,0,0,0,0.001525492,0,0,0,0,0.02568306,0,0,0,0,0,0,0,0,0.016601563,0,0,0,0,0
k__Bacteria;p__Proteobacteria;c__Gammaproteobacteria;o__Oceanospirillales;f__;g__,0,0,0,0,0,0,0,0,0,0,0.018018018,0.003669725,0.002399726,0.229449789,0.014072674,0.000829187,0.044081195,0.032599563,0,0,0.027349577,0.025594809,7.04E-05,0.011336032,0.011926606,0.001589958,0.032401407,0.001341382,0.001101625,0.001297738,0,0,0,0,0.00286533,0.00057463,0.189552239,0.03030303,0.092216052,0.010996564,0,0,0.011152218,0.001532959,0.004014049,0,0,0.042647059,0,0,0.002572791,0,0.135294118,0.070304653,0.024390244,0,0,0.08992601,0,0,0
k__Bacteria;p__Proteobacteria;c__Gammaproteobacteria;o__Oceanospirillales;f__Halomonadaceae;g__CandidatusPortiera,0.006371608,0.008381689,0.006206897,0.008751361,0.006616403,0.000238618,0,0,0,0,0.03951952,0.009174312,0.014398354,0.143940551,0.010607015,0.012437811,0.051852348,0.045622584,0.010974822,0.003677597,0.070611636,0.091744773,0.000422327,0.024426451,0.056880734,0.032803347,0.111831142,0.01240778,0.159873313,0.255839822,0.006085729,0.000141723,0,0.000147743,0.226361032,0.000718288,0.071215352,0.051383399,0.126030097,0.166323024,0,0.000321156,0.012030555,0.033214103,0.007191838,0,0.007103825,0.020588235,0,0.014084507,0.003827811,0.1,0.074705882,0.046200201,0,0.00390625,0.00461361,0.124075128,0,0,0
k__Bacteria;p__Proteobacteria;c__Gammaproteobacteria;o__Oceanospirillales;f__Halomonadaceae;g__Halomonas,0.000253078,0.001289491,0.000770791,0.00033498,0.00030774,0.000143171,0.000581395,0.000346831,0.00018406,0,0,0,0,0,0,0,0,0,0,0,0,0,0,0,0,0,0,0,0,0,0,0,0.000185125,0.000147743,0,0,0,0,0,0,0,0,0,0,0,0,0.001092896,0,0.000397772,0,0,0,0,0,0,0,0,0,0,0,0
k__Bacteria;p__Proteobacteria;c__Gammaproteobacteria;o__Oceanospirillales;f__Oceanospirillaceae;g__,0,0,0,0,0,0,0,0,0,0,0.170930931,0.033027523,0.024340075,0.045452232,0.005356018,0.024875622,0.101359952,0.093681734,0,0,0.008950771,0.005227109,0.001970859,0.049662618,0.001834862,8.37E-05,0,0,0,0,0,0,0,0,0,0.000143658,0.005117271,0.001317523,0.026692942,0,0,0,0.02100024,0.001021972,0.002007025,0,0,0.001470588,0,0.028169014,0.016315261,0,0.116666667,0.059926348,0.019512195,0,0.010380623,0.133181559,0,0,0
k__Bacteria;p__Proteobacteria;c__Gammaproteobacteria;o__Oceanospirillales;f__Oceanospirillaceae;g__Marinomonas,0,0,0,0,0,0,0,0,0,0,0,0,0,0,0,0,6.70E-05,0.000252058,0,0,0.002237693,0.000720981,0.001126205,0.000404858,0.001834862,0,0,0,0,0,0,0,0,0,0,0,0,0,0,0,0,0,0,0,0,0,0,0,0,0,0,0,0,0,0,0,0,0,0,0,0
k__Bacteria;p__Proteobacteria;c__Gammaproteobacteria;o__Oceanospirillales;f__Oceanospirillaceae;g__Oleispira,0,0,0,0,0,0,0,0,0,0,0.016456456,0.016513761,0.002742544,0,0,0,0.000334963,0.000252058,0,0,0.018398807,0.029199712,0.000492715,0.01659919,0.006422018,0,0.000555453,0,0,0.000185391,0,0,0,0,0,0.002154863,0,0,0.000268721,0,0,0,0,0.006131834,0.014216424,0.017045455,0,0,0,0,0,0.005263158,0.001176471,0,0.004878049,0,0,0,0,0,0
k__Bacteria;p__Proteobacteria;c__Gammaproteobacteria;o__Oceanospirillales;f__Oleiphilaceae;g__,0,0,0,0,0,0,0,0,0,0,0.003723724,0.023853211,0.014741172,0,0,0,0,0,0,0,0.005469915,0.001622206,0,0.001754386,0.000917431,0,0,0,0,0,0,0,0,0,0,0.00172389,0,0,0,0,0,0,0,0.000510986,0.004515805,0,0,0,0,0.028169014,0,0,0,0.001004352,0,0,0,0,0,0,0
k__Bacteria;p__Proteobacteria;c__Gammaproteobacteria;o__Oceanospirillales;f__SUP05;g__,0,0,0,0,0,0,0,0,0,0,0.153753754,0,0,0.00030539,0,0,0,0,0,0,0,0,0,0.028205128,0.03853211,0,0,0,0,0,0,0,0,0,0,0,0,0.041501976,0,0,0,0,0,0,0,0,0,0.038235294,0,0,0,0,0.000196078,0,0,0,0,0,0,0,0
k__Bacteria;p__Proteobacteria;c__Gammaproteobacteria;o__Pseudomonadales;f__Moraxellaceae;g__,0,0,0,0,0,0,0,0,0,0,0.001801802,0,0,0,0,0,0,0,0,0,0.000745898,0.000720981,0,0.002699055,0.001834862,0,0,0,0,0,0,0,0,0,0,0,0,0,0,0,0,0,0,0,0,0,0,0,0,0,0,0,0.000784314,0.000334784,0,0,0,0,0,0,0
k__Bacteria;p__Proteobacteria;c__Gammaproteobacteria;o__Pseudomonadales;f__Moraxellaceae;g__Acinetobacter,0,0,0,0,0,0,0,0,0,0,0,0,0,0,0,0,0,0,0,0,0,0,0,0,0,0.002008368,0,0,0.002478656,0,0,0,0,0,0,0,0,0,0,0.000687285,0,0,2.66E-05,0,0,0,0,0,0,0,6.28E-05,0,0,0,0,0,0,0,0,0,0
k__Bacteria;p__Proteobacteria;c__Gammaproteobacteria;o__Pseudomonadales;f__Moraxellaceae;g__Psychrobacter,0,0,0,0,0,0,0,0,0,0,0.000600601,0,0,0,0.00021004,0,0.000133985,0,0,0,0.000497265,0,0,0.003238866,0,0,0,0,0,0,0,0,0,0,0,0.000143658,0,0,0,0,0,0,0.000239546,0,0.001839773,0,0,0,0,0,0,0,0,0,0,0,0,0,0,0,0
k__Bacteria;p__Proteobacteria;c__Gammaproteobacteria;o__Thiohalorhabdales;f__;g__,0,0,0,0,0,0,0,0,0,0,0.00036036,0.009174312,0.016455262,0,0,0,0.000200978,0,0,0,0.006713078,0.003064167,0.002393186,0.003103914,0.008256881,0.004769874,0.001481207,0.007042254,0.002134398,0.001112347,0,0,0,0,0,0.000287315,0.007249467,0.003952569,0,0.001718213,0,0,0,0.002043945,0.000167252,0.001420455,0,0.004411765,0,0.014084507,0,0,0.000392157,0.000502176,0,0,0,0,0,0,0
k__Bacteria;p__Proteobacteria;c__Gammaproteobacteria;o__Thiohalorhabdales;f__Thiohalorhabdaceae;g__,0.004198115,0.005050505,0.006024341,0.006992714,0.001384828,4.77E-05,8.31E-05,8.67E-05,9.20E-05,0,0.00048048,0,0,0,0,0,0,0,0.00232408,0.00520993,0.00099453,0.001261716,0,0.000404858,0.000917431,0.005104603,0.003147565,0.003353454,0.007298265,0,0.002204974,0.000141723,9.26E-05,0,0,0,0.002771855,0.000658762,0,0.005154639,0,0,0,0.00408789,0.001338016,0,0.003825137,0.004411765,0,0,0,0,0,0,0,0,0,0,0,0,0
k__Bacteria;p__Proteobacteria;c__Gammaproteobacteria;o__Thiotrichales;f__Piscirickettsiaceae;g__,0.001086746,0.00085966,0.001967546,0.001423666,0.00030774,0,0,0,0,0,0.021381381,0.099082569,0.151182722,0.012571894,0.0005251,0.004145937,0.025122262,0.027222316,6.46E-05,0.000919399,0.049477872,0.075342466,0.003308228,0.023481781,0.033027523,0.008368201,0.006480281,0.003353454,0.005990085,0.008157212,0,0,0,0,0.011461318,0.001436575,0.103411514,0.054677207,0.005732712,0.006185567,0,0,0.002102686,0.003065917,0.006355578,0.001420455,0,0.016176471,0,0.169014085,0.000878514,0.007894737,0.019607843,0.0189153,0.004878049,0.000976563,0.005767013,0.02618099,0,0,0
k__Bacteria;p__Proteobacteria;c__Gammaproteobacteria;o__Thiotrichales;f__Piscirickettsiaceae;g__Piscirickettsia,0,0,0,0,0,0.00119309,0.000332226,0.001213908,9.20E-05,0.000961803,0,0,0,0,0,0,0,0,0,0,0,0,0,0,0,0,0,0,0,0,0.000440995,0.00297619,0.001758689,0.014626579,0,0,0,0,0,0,0,0.019189081,0,0,0,0,0,0,0.000397772,0,0,0,0,0,0,0,0,0,0,0,0
k__Bacteria;p__Proteobacteria;c__Gammaproteobacteria;o__Vibrionales;f__Pseudoalteromonadaceae;g__Pseudoalteromonas,0.005746356,0.002041694,0.008539554,0.003182313,0.00030774,4.77E-05,0.000664452,0.000693662,0,6.87E-05,0.191231231,0,0,0.000152695,0,0.004145937,0.003684598,0.00495715,6.46E-05,0.000306466,0.05917454,0.103280461,0,0.162483131,0.16146789,0.000920502,0.005739678,0.000335345,0,0.028921023,0.001058388,0,4.63E-05,7.39E-05,0.020057307,0.017813533,0.005970149,0.029644269,0.001881046,0.001718213,0,0.000160578,0.004311836,0.028104241,0.015387188,0.017045455,0.001912568,0.147058824,0.000397772,0,0.000188253,0.007894737,0.002156863,0,0,0,0,0,0,0,0.47826087
k__Bacteria;p__Proteobacteria;c__Gammaproteobacteria;o__Vibrionales;f__Vibrionaceae;Other,0,0,0,0,0,0,0,0,0,6.87E-05,0,0,0,0,0,0,0,0,0,0,0,0,0,0,0,0.000753138,0.000185151,0.001341382,0.001858992,0.000370782,0,0,0,0,0.05730659,0,0,0,0,0.010652921,0,0,0,0.021972407,0,0,0,0,0,0,0,0.005263158,0,0,0,0,0,0,0,0,0
k__Bacteria;p__Proteobacteria;c__Gammaproteobacteria;o__Vibrionales;f__Vibrionaceae;g__Vibrio,0,0,0,0,0,0,0,0,0,0,0,0,0,0,0,0,0,0,0,0,0,0,0,0,0,0.00376569,0.000555453,0.000670691,0.004681906,0.003337041,0,0,0,0,0.011461318,0,0,0,0,0.013058419,0,0,0,0.022994379,0,0,0,0,0,0,0,0.063157895,0,0,0,0,0,0,0,0,0
k__Bacteria;p__Proteobacteria;c__Gammaproteobacteria;o__Xanthomonadales;f__Xanthomonadaceae;Other,0,0.003116269,0,0.000293108,0,0,0,0,0,0,0,0,0,0,0,0,0,0,0,0,0,0,0,0,0,0,0,0,0,0,0,0,0,0,0,0,0,0,0,0,0.056910569,0,0,0,0,0,0,0,0,0,0,0,0,0,0,0,0,0,0,0,0
k__Bacteria;p__Proteobacteria;c__Gammaproteobacteria;o__[Marinicellales];f__[Marinicellaceae];g__,0,0,0,0,0,0,0,0,0,6.87E-05,0,0.018348624,0.03873843,0,0,0,0,0,0,0,0,0,0,0.000134953,0.000917431,0.015899582,0.004443622,0.018443997,0.005370421,0.001668521,8.82E-05,0.000141723,0,0.000295486,0,0,0,0.001317523,0,0.002749141,0,0.001846648,0,0.004598876,0,0,0,0,0,0,0,0,0,0,0,0.000976563,0,0,0,0,0
k__Bacteria;p__Proteobacteria;c__Gammaproteobacteria;o__[Marinicellales];f__[Marinicellaceae];g__Marinicella,0,0,0,0,0,0,0,0,0,0,0,0,0.012341447,0,0,0,0,0,0,0,0,0,0,0.000134953,0,0,0,0,0,0,0,0,0,0,0,0,0,0,0,0,0,0,0,0,0,0,0,0,0,0,0,0,0,0,0,0,0,0,0,0,0
k__Bacteria;p__SAR406;c__AB16;o__Arctic96B-7;Other;Other,0.004317211,0.007951859,0.002150101,0.003768529,0.000615479,0,0,0,0,0,0,0,0,0,0,0,0,0,0.000839251,0.000306466,0,0,0,0,0,0,0,0,0,0,0.001411184,0,0,0,0,0,0,0,0,0,0,0,0,0,0,0,0,0,0,0,0,0,0,0,0,0,0,0,0,0,0
k__Bacteria;p__SAR406;c__AB16;o__Arctic96B-7;f__A714017;Other,0.01786432,0.017085751,0.025557809,0.019135751,0,0,0,0,0,0.000274801,0,0,0,0,0,0,0,0,0.001807618,0.013178057,0,0,0,0,0,0,0,0,0,0,0.00520374,0,0,0,0,0,0,0,0,0,0,0,0,0,0,0,0.017486339,0,0,0,0,0,0,0,0,0,0,0,0,0,0
k__Bacteria;p__SAR406;c__AB16;o__Arctic96B-7;f__A714017;g__,0.016196984,0.016226091,0.017626775,0.018926388,0.004769965,0.000381789,0,0.000216769,9.20E-05,0,0.019219219,0,0,5.09E-05,0,0,0,0,0.006197547,0.007968127,0.006713078,0.008651766,0,0.012280702,0.021100917,0,0,0,0,0,0.01552302,0.082057823,0.030638219,0.18571323,0,0,0.006396588,0.021080369,0,0,0,0.227137696,2.66E-05,0,0.001003512,0,0.010382514,0.016176471,0,0,0,0,0,0,0,0.020507813,0,0,0,0,0
k__Bacteria;p__SAR406;c__AB16;o__Arctic96B-7;f__A714017;g__SGSH944,0.004882914,0.004620675,0.006815416,0.007453312,0.021387906,0.000238618,0,0,0,0,0.005765766,0,0,0.001985036,0,0,0.001071883,8.40E-05,0.006907682,0.005516396,0.008204873,0.007750541,0,0.004723347,0.000917431,0.00125523,0.008516941,0.001006036,0.000206555,0.003893215,0.002734168,0,0,0.000369358,0.020057307,0,0.004477612,0.011857708,4.48E-05,0.013058419,0,0.010758731,0.000186314,0.000510986,0.000501756,0,0.004918033,0.013235294,0,0,0,0.015789474,0.000784314,0.000167392,0,0.05859375,0,0,0,0,0
k__Bacteria;p__SAR406;c__AB16;o__Arctic96B-7;f__A714017;g__SHAG537,0,0,0,0,0.002923527,0,0,4.34E-05,0,0,0,0,0,0,0,0,0,0,0.000839251,0,0,0,0,0,0,0,0,0,0,0,0,0.000637755,0,0.006574573,0,0,0,0,0,0,0,0.017503011,0,0,0,0,0,0,0,0,0,0,0,0,0,0.032226563,0,0,0,0,0
k__Bacteria;p__SAR406;c__AB16;o__Arctic96B-7;f__A714017;g__SargSea-WGS,0.026126569,0.020094563,0.030446247,0.026002847,0.037236498,0.000143171,0,4.34E-05,0,0.000274801,0.021981982,0,0,0,0,0,0,8.40E-05,0.02879277,0.01808152,0.014172054,0.021629416,0,0.01268556,0.021100917,0,0,0,0,0,0.020197566,0.0075822,0.001388439,0.025190219,0,0,0.02196162,0.053359684,0,0,0,0.035246889,0,0,0.001170764,0,0.019672131,0.020588235,0,0,0,0,0.000196078,0,0,0.055664063,0,0,0,0,0
k__Bacteria;p__SAR406;c__AB16;o__Arctic96B-7;f__A714017;g__ZA3312c,0.010138002,0.010208468,0.020811359,0.010510008,0.009386059,0.001145366,0,0,0,0,0.00984985,0,0,0.017916221,0.004620878,0,0.00073692,0.000336078,0.00929632,0.011032792,0.014420686,0.010634463,0,0.01025641,0.009174312,0,0,0,0,0,0.005556536,0,0,0,0,0.000143658,0.010660981,0.019104084,0.007345038,0.000343643,0,0,2.66E-05,0,0.000501756,0,0.006830601,0,0,0,0,0.002631579,0.001176471,0.000502176,0,0.006835938,0.001153403,0,0,0,0
k__Bacteria;p__SAR406;c__AB16;o__Arctic96B-7;f__Sc-NB04;g__,0.005121105,0.011390501,0.011663286,0.010007537,0.002154178,0.00133626,0.000332226,0.001777508,0,0.000206101,0,0,0,0,0.00010502,0,6.70E-05,0,0.004454487,0.006435795,0,0.000180245,0,0,0,0,0,0,0,0,0.141647557,0.468962585,0.449483964,0.355839551,0,0,0,0.000658762,0,0,0.016260163,0.149417904,0,0,0,0,0.006284153,0,0.001193317,0,0,0,0,0,0,0.002929688,0,0,0,0,0
k__Bacteria;p__SAR406;c__AB16;o__ZA3648c;f__AEGEAN_185;g__,0.012132851,0.019127445,0.014097363,0.008374508,0.019695338,0,0,0,0,0,0.006846847,0,0,0.000508984,0.0010502,0,0,0,0.009167205,0.012258658,0.023868722,0.027757751,0,0.008502024,0.018348624,0,0,0,0,0,0.00432175,0,4.63E-05,7.39E-05,0,0.000143658,0.018763326,0.010540184,0,0,0,0.000401445,0,0,0.004181301,0,0.01147541,0.036764706,0,0,0,0.005263158,0,0,0,0.014648438,0,0,0,0,0
k__Bacteria;p__SBR1093;c__;o__;f__;g__,0,0,0,0,0,0,0,0,0,0,0,0.018348624,0.040109702,0,0,0,0,0,0,0,0,0,0,0,0,0,0,0,0,0,0,0,0,0,0,0,0,0,0,0,0,0,0,0,0,0,0,0,0,0.042253521,0,0,0,0,0,0,0,0,0,0,0
k__Bacteria;p__SBR1093;c__A712011;o__;f__;g__,0,0,0,0,0,0,0,0,0,0,0.006486486,0,0,0.000712577,0,0,0.000133985,0.000168039,0,0,0,0.000720981,0,0.0048583,0.006422018,0.000334728,0.000370302,0.001676727,0.000137703,0.002595476,0,0,0,0,0.00286533,0,0.000639659,0.015151515,0.001925833,0.008247423,0,0,5.32E-05,0.001021972,0,0,0,0,0,0,0,0.010526316,0.000196078,0.000669568,0,0,0,0,0,0,0
k__Bacteria;p__SR1;c__;o__;f__;g__,0,0,0,0,0,0.00186122,0.004734219,0.0016908,0.006994294,0.005289915,0,0,0,0,0,0,0,0,0,0,0,0,0,0,0,0,0,0,0,0,0,0,0,0,0,0,0,0,0,0,0,0,0,0,0,0,0,0,0.00318218,0,0,0,0,0,0,0,0,0,0,0,0
k__Bacteria;p__Spirochaetes;c__Spirochaetes;o__Spirochaetales;f__Spirochaetaceae;g__Spirochaeta,0,0,0,0,0,0.000334065,0,0.001734154,0,0,0,0,0,0,0,0,0,0,0,0,0,0,0,0,0,0,0,0,0,0,0,0,4.63E-05,0,0,0,0,0,0,0,0,0,0,0,0,0,0,0,0.000397772,0,0,0,0,0,0,0,0,0,0,0,0
k__Bacteria;p__TM6;c__SBRH58;o__;f__;g__,0,0,0,0,0,0.001527155,0,0.0005636,0,0.000549602,0,0,0,0,0,0,0,0,0,0,0,0,0,0,0,0,0,0,0,0,0,0.000283447,0.000185125,0,0,0,0,0,0,0,0,0,0,0,0,0,0,0,0,0,0,0,0,0,0,0,0,0,0,0,0
k__Bacteria;p__TM6;c__SJA-4;o__;f__;g__,0,0,0,0,0,0.002243008,0,0,0,0,0,0,0,0,0,0,0,0,0,0,0,0,0,0,0,0,0,0,0,0,0,0.000354308,9.26E-05,0,0,0,0,0,0,0,0,0.000963468,0,0,0,0,0,0,0.000397772,0,0,0,0,0,0,0,0,0,0,0,0
k__Bacteria;p__Verrucomicrobia;c__Opitutae;o__;f__;g__,0,0,0,0,0,0,0,0,0,0,0,0,0.002056908,0,0,0,0,0,0,0,0,0.000901226,0,0.000809717,0.000917431,0.000167364,0,0,0.000826219,0.000741565,0,0,0,0,0,0,0.003411514,0,0,0,0,0,0,0,0,0,0,0,0,0,0,0,0,0,0,0,0,0,0,0,0
k__Bacteria;p__Verrucomicrobia;c__Opitutae;o__Puniceicoccales;f__Puniceicoccaceae;g__Coraliomargarita,0,0.000107458,0,0,0,0,0,0,0,0,0.00048048,0.022018349,0.017826534,0,0.00042008,0.015754561,0.038386816,0.037892791,0,0,0.003480855,0.002523432,0.01203632,0.033468286,0.041284404,0,0,0,0,0,0,0,0,0,0,0.000143658,0,0,8.96E-05,0,0,0,0,0,0,0,0,0,0,0.042253521,0,0.010526316,0.003529412,0.003180449,0,0,0,0,0.003169572,0,0
k__Bacteria;p__Verrucomicrobia;c__Opitutae;o__Puniceicoccales;f__Puniceicoccaceae;g__MB11C04,0.000550817,0,0.00010142,0.000669961,0,0,0,0,0,0,0,0,0,0,0,0,0,0,0,0,0,0,0,0,0,0.000167364,0.002962414,0,0.000688516,0.008157212,0.000529194,0,0,0,0,0,0.000639659,0,0,0.001718213,0,0,2.66E-05,0,0,0,0,0,0,0,0,0,0,0,0,0,0,0,0,0,0
k__Bacteria;p__Verrucomicrobia;c__Opitutae;o__[Pelagicoccales];f__[Pelagicoccaceae];g__Pelagicoccus,0,0,0,0,0,0,0,0,0,0,0,0,0.000685636,0.000458085,0.00021004,0,6.70E-05,0,0,0,0,0,0,0,0,0.001004184,0.001851509,0.000670691,0.000481961,0.003337041,0,0,0,0,0,0,0,0,8.96E-05,0,0,0,0,0,0,0,0,0,0,0,0,0.018421053,0.000784314,0,0,0,0,0,0,0,0
k__Bacteria;p__Verrucomicrobia;c__Verrucomicrobiae;o__Verrucomicrobiales;f__Verrucomicrobiaceae;g__,0.00053593,0.002041694,0.002129817,0.00247048,0,0,0,0,0,0,0.00048048,0,0.000685636,0.000508984,0.013862634,0.000829187,0.00174181,0.000420097,0.000129116,0.001838799,0.000497265,0.000540735,7.04E-05,0,0,0.068033473,0.055915571,0.126425218,0.005576976,0.002966259,0,0,0,0,0,0,0.000639659,0.001976285,0.029424937,0.002061856,0,0,0.005616034,0.001532959,0.001003512,0,0.000273224,0.001470588,0,0,0.001380522,0.013157895,0.007058824,0.004854369,0,0,0.183391003,0,0,0,0
k__Bacteria;p__Verrucomicrobia;c__Verrucomicrobiae;o__Verrucomicrobiales;f__Verrucomicrobiaceae;g__Luteolibacter,0,0,0,0,0,0,0,0,0,0,0,0,0,0,0,0,0,0,0,0,0,0,0,0,0,0.001338912,0.001296056,0.003688799,0.000688516,0.000185391,0,0,0,0,0,0,0,0,0,0,0,0,0,0,0,0,0,0,0,0,0,0,0,0,0,0,0,0,0,0,0
k__Bacteria;p__Verrucomicrobia;c__Verrucomicrobiae;o__Verrucomicrobiales;f__Verrucomicrobiaceae;g__MSBL3,0,0,0,0,0,0,0,0,0,0,0,0,0,0,0,0,0,0,0,0,0.000497265,0.000540735,0,0,0,8.37E-05,0.000370302,0.000335345,0.006678601,0.004078606,0,0,0,0,0,0,0.001492537,0,0,0.00652921,0,0,0,0.002043945,0.001003512,0,0,0,0,0,0,0.023684211,0,0,0,0,0,0,0,0,0
k__Bacteria;p__Verrucomicrobia;c__Verrucomicrobiae;o__Verrucomicrobiales;f__Verrucomicrobiaceae;g__Persicirhabdus,0,0,0,0,0,0,0,0,0,0,0,0,0.004113816,0,0,0,0,0,0,0,0,0,0,0,0,0.030041841,0.016293279,0.052313883,0.013839163,0.004078606,0,0,0,0,0,0,0,0,0.002776783,0.001030928,0,0,0.002235767,0.002043945,0.000501756,0,0,0,0,0,0.000690261,0.007894737,0.001960784,0.003850017,0,0,0.006920415,0,0,0,0
k__Bacteria;p__Verrucomicrobia;c__Verrucomicrobiae;o__Verrucomicrobiales;f__Verrucomicrobiaceae;g__Rubritalea,0,0,0,0,0,0,0,0,0,0,0.00012012,0.016513761,0.045251971,0,0.001155219,0.371475954,0.080659208,0.106704756,0,0,0.016409746,0.00666907,0.183993806,0.002968961,0.018348624,0,0,0,0,0,0,0,0,0,0,0,0.006183369,0.000658762,0,0,0,0,2.66E-05,0,0,0,0,0,0,0.042253521,0,0,0.000980392,0.001506528,0,0,0,0,0.041204437,0,0
k__Bacteria;p__Verrucomicrobia;c__Verrucomicrobiae;o__Verrucomicrobiales;f__Verrucomicrobiaceae;g__Verrucomicrobium,0,0,0,0,0,0,0,0,0,0,0,0,0,0,0,0,0,0,0,0,0,0,0,0,0,0.00334728,0.001296056,0.000335345,0.003924539,0.000556174,0,0,0,0,0,0,0,0,0,0,0,0,0,0,0,0,0,0,0,0,0,0,0,0,0,0,0,0,0,0,0
k__Bacteria;p__Verrucomicrobia;c__[Pedosphaerae];o__;f__;g__,0,0,0,0,0,0,0,0,0,0,0,0,0,0,0,0,0,0,0,0,0,0,0,0,0,0.000334728,0.002777263,0,0.000688516,0.013348165,0,0,0,0,0,0,0,0,0,0.00137457,0,0,0,0,0,0,0,0,0,0,0,0.007894737,0,0,0,0,0,0,0,0,0
k__Bacteria;p__Verrucomicrobia;c__[Pedosphaerae];o__Arctic97B-4;f__;g__,0.003081595,0.004728132,0.006105477,0.005150322,0.002154178,9.54E-05,0,0,0,0,0.003603604,0,0,0.000356288,0,0,0,0,0.00174306,0.002451732,0.00198906,0.005407354,0,0.002294197,0.002752294,0,0,0,0,0.008898776,0.002645969,0,0,0,0,0.000430973,0.001492537,0.007246377,4.48E-05,0.002749141,0,0.000481734,0,0,0.003345041,0,0.004098361,0.004411765,0,0,0,0.026315789,0,0,0,0.000976563,0,0,0,0,0
k__Bacteria;p__Verrucomicrobia;c__[Spartobacteria];o__[Chthoniobacterales];f__[Chthoniobacteraceae];g__CandidatusXiphinematobacter,0,0,0,0,0,0,0,0,0,0,0,0,0,0,0,0,0,0,0,0,0,0,0,0.000134953,0,0,0,0,0,0,0,0,0,0,0,0,0,0,0,0,0,0,0.000532325,0,0.00083626,0,0,0,0,0,0.001694277,0,0,0,0,0,0,0,0,0,0
k__Bacteria;p__WPS-2;c__;o__;f__;g__,2.98E-05,0.003653557,0.000162272,0,0,0.000334065,0,0,0,0,0,0,0,0,0,0,0,0,0,0.000612933,0,0,0,0,0,0,0,0,0,0,0.001940377,7.09E-05,0.000185125,0,0,0,0,0,0,0,0,0,0,0,0,0,0,0,0.001988862,0,0,0,0,0,0,0,0,0,0,0,0
k__Bacteria;p__WWE1;c__MSBL2;o__ST-3K10;f__;g__,0,0,0,0,0,0.00878114,0.002491694,0.03689413,0.001196392,0.001099203,0,0,0,0,0,0,0,0,0,0,0,0,0,0,0,0,0,0,0,0,0,7.09E-05,9.26E-05,0,0,0,0,0,0,0,0,0,0,0,0,0,0,0,0.003579952,0,0,0,0,0,0,0,0,0,0,0,0
k__Bacteria;p__ZB3;c__BS119;o__;f__;g__,0.003662186,0.002901354,0.002393509,0.000795578,0.003692876,0.000334065,0,0,0,0,0,0,0,0,0,0,0,0,0.001226598,0,0,0,0,0,0,0,0,0,0,0,0.003263362,0,0,0,0,0,0,0,0,0,0,0,0,0,0,0,0,0,0,0,0,0,0,0,0,0,0,0,0,0,0
